,name,club,rank,category,points,id,link
0,יונתן שוסטרמן,מ. בני הרצליה,1,S,1807.8,745,/p/745/יונתן-שוסטרמן
1,מיכאל טאובר,עירוני גבעתיים,2,S,1774.0,853,/p/853/מיכאל-טאובר
2,טל ישראלי,הפועל חיפה,3,E20,1756.9,651,/p/651/טל-ישראלי
3,עמית גורן,הפועל עירוני נוף הגליל,4,S,1712.4,676,/p/676/עמית-גורן
4,גל אלגואטי,מ. בני הרצליה,5,S,1686.0,2183,/p/2183/גל-אלגואטי
5,יניב שרון,בית''ר ראשון לציון,6,S40,1685.1,882,/p/882/יניב-שרון
6,עמרי בן ארי,עירוני גבעתיים,7,S,1677.8,894,/p/894/עמרי-בן-ארי
7,אביב בן ארי,מכבי זאב זכרון יעקב,8,S,1639.2,524,/p/524/אביב-בן-ארי
8,איתי אביבי,מ. בני הרצליה,9,J17,1636.2,2284,/p/2284/איתי-אביבי
9,גל פרפל,הישגי כרמיאל,10,S,1628.9,741,/p/741/גל-פרפל
10,רון דוידוביץ,הפועל עירוני נוף הגליל,11,S40,1619.1,881,/p/881/רון-דוידוביץ
11,עידן אוגורצב,מכבי תל אביב,12,S,1601.3,862,/p/862/עידן-אוגורצב
12,איתי שושן,כרמל מרכזי טניס שולחן חיפה,13,J17,1590.0,2625,/p/2625/איתי-שושן
13,מתן סימון,עירוני גבעתיים,14,S,1583.9,341,/p/341/מתן-סימון
14,אור בשן,מ. בני הרצליה,15,S,1571.6,865,/p/865/אור-בשן
15,אורי אלמור,מכבי זאב זכרון יעקב,16,J16,1540.1,2620,/p/2620/אורי-אלמור
16,איסק אברמוב,בית''ר ראשון לציון,17,S50,1533.8,874,/p/874/איסק-אברמוב
17,רון דימנט,הישגי כרמיאל,18,S,1523.9,675,/p/675/רון-דימנט
18,דור אורן,מכבי זאב זכרון יעקב,19,S,1517.7,692,/p/692/דור-אורן
19,רונאל דוידוב,מכבי דימונה,20,S,1511.4,806,/p/806/רונאל-דוידוב
20,גיא קוחלי,כרמל מרכזי טניס שולחן חיפה,21,S,1510.1,684,/p/684/גיא-קוחלי
21,נתנאל אברמוב,בית''ר ראשון לציון,22,C15,1493.5,3181,/p/3181/נתנאל-אברמוב
22,אוהד פניאל,הפועל עירוני נוף הגליל,23,S,1479.8,891,/p/891/אוהד-פניאל
23,אלין ספלבוס,הפועל לוד,24,S,1478.8,8067,/p/8067/אלין-ספלבוס
24,יורי פורמן,הפועל לוד,25,S40,1467.4,888,/p/888/יורי-פורמן
25,אדיר דניאל,אופק קריית אונו,26,S,1451.7,738,/p/738/אדיר-דניאל
26,שמעון רבינוביץ,כרמל מרכזי טניס שולחן חיפה,27,S40,1447.9,869,/p/869/שמעון-רבינוביץ
27,בן יצחק,מכבי תל אביב,28,E19,1436.3,617,/p/617/בן-יצחק
28,אלכסיי נפלוקוב,כרמל מרכזי טניס שולחן חיפה,29,S40,1430.7,7692,/p/7692/אלכסיי-נפלוקוב
29,אושר אשכנזי,הפועל פתח תקווה,30,S,1419.5,820,/p/820/אושר-אשכנזי
30,דניאל קושקרוב,מכבי דימונה,31,E19,1404.6,620,/p/620/דניאל-קושקרוב
31,זיו יצחק,כרמל מרכזי טניס שולחן חיפה,32,S,1399.4,682,/p/682/זיו-יצחק
32,אביב עמידור,הפועל ירושלים,33,S,1398.1,130,/p/130/אביב-עמידור
33,פבל טמנוגורוד,הפועל טנ''ש באר שבע,34,S,1390.6,858,/p/858/פבל-טמנוגורוד
34,יניב קרמזין,כרמל מרכזי טניס שולחן חיפה,35,S,1376.4,685,/p/685/יניב-קרמזין
35,אור שטיין,הפועל ירושלים,36,S,1363.6,126,/p/126/אור-שטיין
36,אלכסנדר קורס,טנ''ש 2007 נתניה,37,S50,1352.5,1453,/p/1453/אלכסנדר-קורס
37,בנצי בלנק,הפועל לוד,38,S40,1313.4,878,/p/878/בנצי-בלנק
38,שחר כרמון,מכבי תל אביב,39,S,1306.7,1992,/p/1992/שחר-כרמון
39,אור מגן,הפועל פתח תקווה,40,C15,1306.1,6771,/p/6771/אור-מגן
40,עודד גרטמן,מכבי תל אביב,41,S50,1291.9,930,/p/930/עודד-גרטמן
41,איתמר אברמוב,מכבי זאב זכרון יעקב,42,S,1288.6,801,/p/801/איתמר-אברמוב
42,מתן עולי,מ. בני הרצליה,43,S,1280.0,1945,/p/1945/מתן-עולי
43,ולדי פורמן,הפועל טנ''ש באר שבע,44,S,1269.2,753,/p/753/ולדי-פורמן
44,אושרי זפרן,הפועל גליל תחתון,45,S,1257.3,1172,/p/1172/אושרי-זפרן
45,עידן טרוסמן,אליצור קריית אתא,46,J18,1242.1,624,/p/624/עידן-טרוסמן
46,נתן סגל,הישגי כרמיאל,47,E19,1235.9,626,/p/626/נתן-סגל
47,שחר גינסברג,מכבי רחובות,48,S,1231.9,884,/p/884/שחר-גינסברג
48,צחי פרום,מכבי תל אביב,49,S50,1229.1,965,/p/965/צחי-פרום
49,אסף חננאל,אופק קריית אונו,50,J17,1211.0,3082,/p/3082/אסף-חננאל
50,עמנואל כהן,הפועל ירושלים,51,E19,1208.3,2809,/p/2809/עמנואל-כהן
51,אמנון בן-שחר,מ. בני הרצליה,52,S50,1194.5,2596,/p/2596/אמנון-בן-שחר
52,יוני ירמיהו,הפועל לוד,53,S,1193.9,845,/p/845/יוני-ירמיהו
53,גבריאל קלוו,הפועל ירושלים,54,S,1193.4,324,/p/324/גבריאל-קלוו
54,יונתן שיפמן,מכבי תל אביב,55,S,1192.8,901,/p/901/יונתן-שיפמן
55,אבנר לוין,מ. בני הרצליה,56,S,1184.2,1199,/p/1199/אבנר-לוין
56,יבגני ספוזניקוב,הפועל בת ים,57,S,1180.7,523,/p/523/יבגני-ספוזניקוב
57,בן סורוקין,הפועל ירושלים,58,S,1179.2,144,/p/144/בן-סורוקין
58,יניב שפס,הפועל ביחד עברון מזרעה,59,S,1176.7,1867,/p/1867/יניב-שפס
59,דוד אלטרץ,הפועל ירושלים,60,S50,1170.9,107,/p/107/דוד-אלטרץ
60,אלעד אברויה,הפועל אשדוד,61,S40,1170.8,935,/p/935/אלעד-אברויה
61,דימיטרי פלאי,הפועל טנ''ש באר שבע,62,S,1168.3,6607,/p/6607/דימיטרי-פלאי
62,אליה זבולוני,אופק קריית אונו,63,E21,1164.6,4523,/p/4523/אליה-זבולוני
63,שי רוטברת,מכבי דימונה,64,S,1163.3,798,/p/798/שי-רוטברת
64,עידן לוי,מכבי תל אביב,65,S50,1160.1,2491,/p/2491/עידן-לוי
65,דמיטרי אברמנקו,עירוני מעלות תרשיחא,66,S50,1160.1,1591,/p/1591/דמיטרי-אברמנקו
66,גאורגי טוניאן,מכבי גבירול באר שבע,67,S40,1157.0,1205,/p/1205/גאורגי-טוניאן
67,עידו אטקין,עירוני גבעתיים,68,S,1156.1,705,/p/705/עידו-אטקין
68,יורי דימנט,עירוני מעלות תרשיחא,69,S50,1155.7,1597,/p/1597/יורי-דימנט
69,שמעון קלברס,הפועל לוד,70,S40,1146.2,1475,/p/1475/שמעון-קלברס
70,שחר גילעד,הפועל מבואות חרמון,71,S,1140.9,1439,/p/1439/שחר-גילעד
71,יוסי בוגן,מכבי תל אביב,72,S60,1138.1,1546,/p/1546/יוסי-בוגן
72,יניב יאכלביץ,עירוני גבעתיים,73,S,1137.3,5546,/p/5546/יניב-יאכלביץ
73,בן הורנשטיין,עירוני גבעתיים,74,J16,1136.9,2964,/p/2964/בן-הורנשטיין
74,נדב דהן,הפועל חיפה,75,S,1133.6,1844,/p/1844/נדב-דהן
75,יצחק אברמוביץ,הפועל לוד,76,S50,1133.2,1112,/p/1112/יצחק-אברמוביץ
76,אופק ביתן,הפועל פתח תקווה,77,J16,1132.9,4191,/p/4191/אופק-ביתן
77,בוריס קושניר,טנ''ש נס ציונה,78,S50,1131.0,972,/p/972/בוריס-קושניר
78,נדב רחמים,ללא מועדון,79,S40,1130.5,893,/p/893/נדב-רחמים
79,יבגני ריזוב,מועדון ספורט מעלה אדומים,80,S,1124.6,2889,/p/2889/יבגני-ריזוב
80,אדם נג'ר,מ. בני הרצליה,81,S,1120.3,6604,/p/6604/אדם-נג-ר
81,ניר רחליס,הפועל גליל תחתון,82,S,1119.6,2292,/p/2292/ניר-רחליס
82,טל מיטרני,"מ. טנ""ש ויקטור נתניה",83,S50,1113.2,1660,/p/1660/טל-מיטרני
83,סמיון גנדלר,מכבי גבירול באר שבע,84,S40,1112.0,908,/p/908/סמיון-גנדלר
84,מתן מן,הפועל טנ''ש באר שבע,85,S,1108.0,1392,/p/1392/מתן-מן
85,עידו אמיגה,הפועל ירושלים,86,J16,1105.9,6350,/p/6350/עידו-אמיגה
86,אביב הלפרן,הישגי כרמיאל,87,E21,1105.8,657,/p/657/אביב-הלפרן
87,חביב בן דוד,בית''ר באר שבע,88,S,1103.6,1204,/p/1204/חביב-בן-דוד
88,רועי ארליך,מכבי תל אביב,89,S40,1102.0,890,/p/890/רועי-ארליך
89,שון ברקטוב,בית''ר באר שבע,90,E19,1098.2,621,/p/621/שון-ברקטוב
90,גיל אביבי,הפועל חיפה,91,S40,1097.6,507,/p/507/גיל-אביבי
91,יונתן קוחלי,כרמל מרכזי טניס שולחן חיפה,92,E20,1094.2,653,/p/653/יונתן-קוחלי
92,עידו בן שימחון,טנ''ש 2007 נתניה,93,S,1094.0,1611,/p/1611/עידו-בן-שימחון
93,טל פוקס,מכבי שהם,94,S40,1091.2,1769,/p/1769/טל-פוקס
94,יעקב בוגן,מכבי תל אביב,95,S60,1090.8,531,/p/531/יעקב-בוגן
95,דור רזניק,כרמל מרכזי טניס שולחן חיפה,96,E21,1089.7,652,/p/652/דור-רזניק
96,דימיטרי פריצקר,טנ''ש 2007 נתניה,97,S40,1089.7,1671,/p/1671/דימיטרי-פריצקר
97,עידו רוזנבאום,מכבי זאב זכרון יעקב,98,S,1089.1,870,/p/870/עידו-רוזנבאום
98,אדי ישראלי,הפועל חיפה,99,S50,1087.8,892,/p/892/אדי-ישראלי
99,דובי פורטנוי,מכבי תל אביב,100,S40,1086.0,876,/p/876/דובי-פורטנוי
100,יבגני ברבוי,הפועל טנ''ש באר שבע,101,S40,1085.4,1408,/p/1408/יבגני-ברבוי
101,רם שר,בית''ר באר שבע,102,S40,1084.6,934,/p/934/רם-שר
102,אמיר מרציאנו,מכבי תל אביב,103,S40,1083.7,4266,/p/4266/אמיר-מרציאנו
103,רביד ברנדמן,אופק קריית אונו,104,S40,1083.2,3833,/p/3833/רביד-ברנדמן
104,עידן עופר,מכבי רחובות,105,C15,1080.2,6174,/p/6174/עידן-עופר
105,ארז זכריה,מ. בני הרצליה,106,S,1075.4,921,/p/921/ארז-זכריה
106,דן סולודר,הפועל לוד,107,S,1073.8,752,/p/752/דן-סולודר
107,איגור סלבין,הפועל אשקלון,108,S40,1071.9,1907,/p/1907/איגור-סלבין
108,עמית בן-עמי,אופק קריית אונו,109,J17,1069.8,2830,/p/2830/עמית-בן-עמי
109,מארק פולובץ,ללא מועדון,110,J18,1067.3,2012,/p/2012/מארק-פולובץ
110,שימי אסרף,הפועל חיפה,111,S,1066.6,926,/p/926/שימי-אסרף
111,יהונתן איתן,עירוני גבעתיים,112,J18,1063.0,2203,/p/2203/יהונתן-איתן
112,נבו ברימברג,הפועל אשקלון,113,S,1060.8,1260,/p/1260/נבו-ברימברג
113,ציגי דיקשטיין,עירוני גבעתיים,114,S50,1059.9,970,/p/970/ציגי-דיקשטיין
114,רון אוישר,הפועל טנ''ש באר שבע,115,E20,1051.2,635,/p/635/רון-אוישר
115,מתן פוקס,בית''ר ראשון לציון,116,C15,1048.7,4304,/p/4304/מתן-פוקס
116,יובל נוטנקו,הפועל פתח תקווה,117,S,1047.5,817,/p/817/יובל-נוטנקו
117,חנוך לנר,הפועל באר טוביה,118,S40,1042.9,1370,/p/1370/חנוך-לנר
118,רומן דריפסקה,מכבי דימונה,119,S,1042.8,7714,/p/7714/רומן-דריפסקה
119,יניב בלנק,בית''ר רמלה,120,S,1040.1,929,/p/929/יניב-בלנק
120,מקסים גולדין,כרמל מרכזי טניס שולחן חיפה,121,E19,1039.6,6601,/p/6601/מקסים-גולדין
121,דניאל זהר,אופק קריית אונו,122,S,1036.1,2028,/p/2028/דניאל-זהר
122,פיליפ קושנר,מכבי ראשל''צ טנ''ש,123,S,1032.4,2387,/p/2387/פיליפ-קושנר
123,אביב גורדון,טנ''ש נס ציונה,124,S,1031.3,1381,/p/1381/אביב-גורדון
124,איגור גולדברג,הפועל בת ים,125,S50,1027.6,1359,/p/1359/איגור-גולדברג
125,תומר הדר,מ. בני הרצליה,126,S40,1025.3,7044,/p/7044/תומר-הדר
126,ליאור קוסטינסקי,כרמל מרכזי טניס שולחן חיפה,127,S,1023.9,683,/p/683/ליאור-קוסטינסקי
127,אריאל שפירא,טניס שולחן חיפה,128,S40,1022.0,532,/p/532/אריאל-שפירא
128,יעקב שי,בית''ר באר שבע,129,S,1015.9,841,/p/841/יעקב-שי
129,אלון לב,הפועל דרום השרון,130,S40,1014.2,949,/p/949/אלון-לב
130,פבל סטסנקו,הפועל בת ים,131,S,1013.3,2189,/p/2189/פבל-סטסנקו
131,עמית יצחק,מכבי תל אביב,132,J17,1013.2,2957,/p/2957/עמית-יצחק
132,דני ליבשיץ,הפועל ירושלים,133,S,1007.3,293,/p/293/דני-ליבשיץ
133,אלכסנדר סלצר,מכבי דימונה,134,S,1005.1,1705,/p/1705/אלכסנדר-סלצר
134,יובל שריג,מכבי שהם,135,C15,1002.7,5599,/p/5599/יובל-שריג
135,ניר יעקובי,ללא מועדון,136,S40,1001.9,1373,/p/1373/ניר-יעקובי
136,תומר נעמה,עירוני גבעתיים,137,J18,992.4,2952,/p/2952/תומר-נעמה
137,אבי נזרין,הפועל אשדוד,138,S50,991.3,959,/p/959/אבי-נזרין
138,אמיר רובינשטיין,הפועל לוד,139,S,990.1,3675,/p/3675/אמיר-רובינשטיין
139,בן בכר,ללא מועדון,140,E20,989.1,2285,/p/2285/בן-בכר
140,גלעד לוין,בית''ר ראשון לציון,141,J16,988.9,2720,/p/2720/גלעד-לוין
141,דן זוילי,הפועל לוד,142,E19,986.0,2229,/p/2229/דן-זוילי
142,ארז סנדק,"מ. טנ""ש ויקטור נתניה",143,S40,982.1,2956,/p/2956/ארז-סנדק
143,ארטיום קרביץ,הפועל בת ים,144,S,981.4,5529,/p/5529/ארטיום-קרביץ
144,אדם בלנק,בית''ר רמלה,145,S,979.2,895,/p/895/אדם-בלנק
145,טומי גרינפלד,בית''ר ראשון לציון,146,C14,977.0,4167,/p/4167/טומי-גרינפלד
146,לירן בונציוק,הפועל טנ''ש באר שבע,147,S,976.7,528,/p/528/לירן-בונציוק
147,איתי חננאל,אופק קריית אונו,148,S,974.1,687,/p/687/איתי-חננאל
148,אדר שקד,הפועל לוד,149,S,970.8,857,/p/857/אדר-שקד
149,גולן עוז,מכבי שהם,150,S50,968.1,1776,/p/1776/גולן-עוז
150,עידו פנסו,אופק קריית אונו,151,E21,966.7,673,/p/673/עידו-פנסו
151,יפתח אונא,בית''ר באר שבע,152,J17,964.0,3143,/p/3143/יפתח-אונא
152,אורי יצחקי,מ. בני הרצליה,153,S,963.0,145,/p/145/אורי-יצחקי
153,גיא בלוך,מכבי שהם,154,S50,962.8,902,/p/902/גיא-בלוך
154,מתן כהן,מ. בני הרצליה,155,S,961.4,830,/p/830/מתן-כהן
155,אפי גילקרוב,הפועל חולון,156,S,959.4,2639,/p/2639/אפי-גילקרוב
156,יבגני בלמן,הפועל בת ים,157,S40,959.1,3646,/p/3646/יבגני-בלמן
157,דוד גולן,מכבי ראשל''צ טנ''ש,158,S40,953.0,922,/p/922/דוד-גולן
158,סטניסלב בוייקנר,מכבי זאב זכרון יעקב,159,S50,951.3,1735,/p/1735/סטניסלב-בוייקנר
159,רן מנשה,טנ''ש 2007 נתניה,160,S40,951.3,1937,/p/1937/רן-מנשה
160,ליאור סרף,הישגי כרמיאל,161,M13,950.2,3205,/p/3205/ליאור-סרף
161,רוני רמסניק,הפועל אשקלון,162,S,949.8,915,/p/915/רוני-רמסניק
162,זאב סהר,הפועל עירוני נוף הגליל,163,S50,949.8,2644,/p/2644/זאב-סהר
163,שמעון פקטרמן,הפועל חיפה,164,S50,948.5,1940,/p/1940/שמעון-פקטרמן
164,יעקב אבידר,טנ''ש 2007 נתניה,165,S40,947.9,905,/p/905/יעקב-אבידר
165,רועי רוזנבלט,הפועל אשדוד,166,S,945.6,903,/p/903/רועי-רוזנבלט
166,סרדר אפג'אן,הפועל אילת,167,S50,944.4,916,/p/916/סרדר-אפג-אן
167,מקסים גנקין,הפועל ארנון רמת גן,168,S,942.7,8447,/p/8447/מקסים-גנקין
168,אלכסנדר לוין,הפועל חיפה,169,S,942.2,1264,/p/1264/אלכסנדר-לוין
169,דור בן-חורין,מכבי שהם,170,S,942.1,887,/p/887/דור-בן-חורין
170,ישעיה ברזילי,הפועל ירושלים,171,E19,939.6,4540,/p/4540/ישעיה-ברזילי
171,יובל וולפרט,הפועל עירוני נוף הגליל,172,S40,935.9,2057,/p/2057/יובל-וולפרט
172,יוסף אזולאי,הפועל בת ים,173,S60,935.5,2846,/p/2846/יוסף-אזולאי
173,עופר פוקס,מכבי שהם,174,S50,932.6,1772,/p/1772/עופר-פוקס
174,אלכס אייקליס,טנ''ש נס ציונה,175,S40,930.5,5626,/p/5626/אלכס-אייקליס
175,יפים גורביץ,הפועל טנ''ש באר שבע,176,S60,930.4,989,/p/989/יפים-גורביץ
176,איתי אוניק,מ. בני הרצליה,177,S50,930.1,961,/p/961/איתי-אוניק
177,נחום שמיס,הפועל חיפה,178,S60,929.7,987,/p/987/נחום-שמיס
178,יהלי מור,מכבי תל אביב,179,M13,927.3,5817,/p/5817/יהלי-מור
179,זאב גליקמן,הפועל אשדוד,180,S60,926.9,362,/p/362/זאב-גליקמן
180,אלכסנדר סליטרניק,הפועל טנ''ש באר שבע,181,S40,925.5,1511,/p/1511/אלכסנדר-סליטרניק
181,עדי אביאני,מ. בני הרצליה,182,S40,923.3,2920,/p/2920/עדי-אביאני
182,אלכס קרנברג,הפועל טנ''ש באר שבע,183,S50,923.0,974,/p/974/אלכס-קרנברג
183,יואב אהרון,הפועל לוד,184,C15,919.0,5485,/p/5485/יואב-אהרון
184,יובל בץ,הפועל ירושלים,185,S,917.8,140,/p/140/יובל-בץ
185,משה סימנה,הפועל גליל תחתון,186,S,916.3,4741,/p/4741/משה-סימנה
186,אסף גונן,מכבי זאב זכרון יעקב,187,S40,915.8,1579,/p/1579/אסף-גונן
187,ניר אנגלר,הפועל לוד,188,M12,915.8,4707,/p/4707/ניר-אנגלר
188,איליה ריטבין,בית''ר באר שבע,189,S,913.8,2626,/p/2626/איליה-ריטבין
189,אורי מינץ,מכבי שהם,190,S,909.5,2713,/p/2713/אורי-מינץ
190,הילי ברבי,בית''ר ראשון לציון,191,E19,905.8,2369,/p/2369/הילי-ברבי
191,עדי סידלר,מכבי שהם,192,S50,901.8,1778,/p/1778/עדי-סידלר
192,רועי חלמיש,בית''ר ראשון לציון,193,J16,901.7,4650,/p/4650/רועי-חלמיש
193,סרגיי וינטראוב,הפועל ירושלים,194,S40,898.6,291,/p/291/סרגיי-וינטראוב
194,ניצן פרדריך,מכבי זאב זכרון יעקב,195,S,896.6,2604,/p/2604/ניצן-פרדריך
195,יהודה דרור,מ. בני הרצליה,196,S40,896.3,1693,/p/1693/יהודה-דרור
196,אדם קאופמן,הפועל ארנון רמת גן,197,S,895.3,252,/p/252/אדם-קאופמן
197,גלעד אקסלרוד,אופק קריית אונו,198,S40,893.3,3088,/p/3088/גלעד-אקסלרוד
198,פבל פרנקל,מכבי דימונה,199,S40,891.0,946,/p/946/פבל-פרנקל
199,דניאל פטר,מ. בני הרצליה,200,S,889.2,833,/p/833/דניאל-פטר
200,אלכסנדר שפירו,אליצור קריית אתא,201,S60,887.3,2629,/p/2629/אלכסנדר-שפירו
201,כפיר גרטי,מכבי שהם,202,S40,886.2,1644,/p/1644/כפיר-גרטי
202,יוסי רוזנבלט,הפועל אשדוד,203,S60,886.0,998,/p/998/יוסי-רוזנבלט
203,אביב וייג,הפועל יוקנעם,204,S,885.9,6371,/p/6371/אביב-וייג
204,בנימין שניידר,מכבי תל אביב,205,S60,884.9,2847,/p/2847/בנימין-שניידר
205,דמיטרי אסקוטסקי,מ.ק.מתנ''ס קריית גת,206,S60,881.9,991,/p/991/דמיטרי-אסקוטסקי
206,אלעד אסרף,הפועל חיפה,207,S,876.8,1512,/p/1512/אלעד-אסרף
207,דוד גופר,הפועל טנ''ש באר שבע,208,S50,876.4,3036,/p/3036/דוד-גופר
208,רן מלינגר,הפועל גליל תחתון,209,J18,873.0,3055,/p/3055/רן-מלינגר
209,מיכאל טברסקי,הפועל לוד,210,S,873.0,844,/p/844/מיכאל-טברסקי
210,רונן סרגוסי,מכבי תל אביב,211,S50,870.2,982,/p/982/רונן-סרגוסי
211,גאד הזו,ללא מועדון,212,S,869.7,900,/p/900/גאד-הזו
212,רועי לימור,מ. בני הרצליה,213,S,869.3,1943,/p/1943/רועי-לימור
213,ברק יולזרי,מועדון ספורט מעלה אדומים,214,S,867.9,1472,/p/1472/ברק-יולזרי
214,אופק פוני,אופק קריית אונו,215,S,861.8,349,/p/349/אופק-פוני
215,ניר חבצלת,טנ''ש נס ציונה,216,S,860.6,1978,/p/1978/ניר-חבצלת
216,נתנאל וזאנה,הפועל גליל תחתון,217,S,859.6,837,/p/837/נתנאל-וזאנה
217,דימיטרי קובל,הפועל אשדוד,218,S40,858.2,4672,/p/4672/דימיטרי-קובל
218,בר אושר עובדיה,טניס שולחן חיפה,219,S,857.9,4459,/p/4459/בר-אושר-עובדיה
219,בצלאל מייר,הפועל חיפה,220,S50,857.9,2296,/p/2296/בצלאל-מייר
220,אילן דרמון,מ. בני הרצליה,221,S60,848.1,322,/p/322/אילן-דרמון
221,עידו טל,מכבי גדרה,222,S,847.4,3035,/p/3035/עידו-טל
222,שי דמארי,עירוני גבעתיים,223,S,846.6,1476,/p/1476/שי-דמארי
223,ערן סגל,"מ. טנ""ש ויקטור נתניה",224,S,843.7,1206,/p/1206/ערן-סגל
224,גנאדי גרינברג,מ. בני הרצליה,225,S60,841.0,995,/p/995/גנאדי-גרינברג
225,אלכסנדר קורנמן,הפועל אשדוד,226,S60,839.9,1375,/p/1375/אלכסנדר-קורנמן
226,יוסי עטיה,הפועל לוד,227,S40,839.5,2572,/p/2572/יוסי-עטיה
227,דוד לוי,מכבי דימונה,228,E21,838.1,1857,/p/1857/דוד-לוי
228,ליחי גרינשטיין,עירוני גבעתיים,229,S,837.8,512,/p/512/ליחי-גרינשטיין
229,יניב יוסף,מ.ק.מתנ''ס קריית גת,230,S40,834.6,1333,/p/1333/יניב-יוסף
230,יבגני מקלר,הפועל חיפה,231,S40,832.8,1564,/p/1564/יבגני-מקלר
231,עמית וולפרט,הפועל עירוני נוף הגליל,232,S,832.5,1922,/p/1922/עמית-וולפרט
232,ולדימיר ברוסילובסקי,הפועל אשדוד,233,S40,830.9,898,/p/898/ולדימיר-ברוסילובסקי
233,אורי בן-זיו,אופק קריית אונו,234,J16,830.2,4126,/p/4126/אורי-בן-זיו
234,יובל ורדי,הפועל באר טוביה,235,S,830.1,834,/p/834/יובל-ורדי
235,יעקב שטרנברג,מכבי ראשל''צ טנ''ש,236,S50,829.4,975,/p/975/יעקב-שטרנברג
236,אלכס בינמן,בית''ר אשדוד,237,S50,829.4,925,/p/925/אלכס-בינמן
237,עופר קלטש,עמותת קריית מוצקין,238,S50,824.1,1939,/p/1939/עופר-קלטש
238,יעקוב יעקובוב,טנ''ש 2007 נתניה,239,S,822.7,4289,/p/4289/יעקוב-יעקובוב
239,אלכסנדר זלנסקי,טנ''ש נס ציונה,240,S60,822.2,2908,/p/2908/אלכסנדר-זלנסקי
240,ערן גיט,טנ''ש נס ציונה,241,S50,821.9,978,/p/978/ערן-גיט
241,יהודה ברזילי,הפועל ירושלים,242,J17,820.5,4537,/p/4537/יהודה-ברזילי
242,מקסים קוקוטוב,אליצור קריית אתא,243,S,819.1,849,/p/849/מקסים-קוקוטוב
243,אנטולי לוינשטיין,הפועל רמת ישי,244,S40,818.7,943,/p/943/אנטולי-לוינשטיין
244,רוני קליין,הפועל רמת ישי,245,J17,817.9,5775,/p/5775/רוני-קליין
245,מיכאל דיטיניס,הפועל חיפה,246,S40,817.7,4271,/p/4271/מיכאל-דיטיניס
246,דוד מוסקוביץ,בית''ר אשדוד,247,S60,817.3,3667,/p/3667/דוד-מוסקוביץ
247,אלכסיי סקידנוב,הפועל אשדוד,248,S40,813.7,6930,/p/6930/אלכסיי-סקידנוב
248,ניר חן,הפועל יוקנעם,249,S40,812.4,4576,/p/4576/ניר-חן
249,עידו דפני,הפועל לוד,250,C14,811.4,4494,/p/4494/עידו-דפני
250,דני בן שיטרית,מועדון ספורט מעלה אדומים,251,S60,810.7,303,/p/303/דני-בן-שיטרית
251,איתמר מזרחי,ללא מועדון,252,S,809.9,187,/p/187/איתמר-מזרחי
252,אלכסנדר שפירו,עירוני טנ''ש ראש העין,253,S40,808.3,4102,/p/4102/אלכסנדר-שפירו
253,יפתח גסר,מכבי תל אביב,254,S60,806.3,1685,/p/1685/יפתח-גסר
254,רועי כהן,אופק קריית אונו,255,E20,805.4,2438,/p/2438/רועי-כהן
255,אלכסנדר אבשלומוב,טנ''ש נס ציונה,256,S40,805.0,911,/p/911/אלכסנדר-אבשלומוב
256,יובל רוטיץ,מכבי זאב זכרון יעקב,257,S,804.6,1189,/p/1189/יובל-רוטיץ
257,ערן ניר,מכבי זאב זכרון יעקב,258,S50,804.2,7025,/p/7025/ערן-ניר
258,יעקב ירוסלימסקי,בית''ר ראשון לציון,259,S50,803.9,3112,/p/3112/יעקב-ירוסלימסקי
259,דניאל דרזנר,מכבי גדרה,260,S50,802.5,952,/p/952/דניאל-דרזנר
260,מיכאל קרדונסקי,הפועל אילת,261,S40,802.4,1902,/p/1902/מיכאל-קרדונסקי
261,דן ריביניק,הפועל בת ים,262,S40,801.5,1855,/p/1855/דן-ריביניק
262,פליקס קפלן,"מ. טנ""ש ויקטור נתניה",263,S70,801.0,8059,/p/8059/פליקס-קפלן
263,עופר סיארה,מכבי זאב זכרון יעקב,264,S50,799.9,1711,/p/1711/עופר-סיארה
264,דניאל שלום,טנ''ש נס ציונה,265,S40,799.1,906,/p/906/דניאל-שלום
265,גבריאל גנדלמן,הפועל אשדוד,266,J18,799.1,4898,/p/4898/גבריאל-גנדלמן
266,ניקולאי שר,ללא מועדון,267,S40,796.8,877,/p/877/ניקולאי-שר
267,איילון בניימין,כרמל מרכזי טניס שולחן חיפה,268,C14,796.3,3736,/p/3736/איילון-בניימין
268,עמוס גינזבורג,מכבי ראשל''צ טנ''ש,269,S,796.2,2242,/p/2242/עמוס-גינזבורג
269,דיאגו שיקינסקי,הפועל עירוני נוף הגליל,270,S50,794.7,1526,/p/1526/דיאגו-שיקינסקי
270,אדיר דנינו,הפועל ירושלים,271,S,794.5,4704,/p/4704/אדיר-דנינו
271,רוסלן ברקוטוב,מ.ק.מתנ''ס קריית גת,272,S50,793.8,1328,/p/1328/רוסלן-ברקוטוב
272,אברהם שטרן,הפועל עירוני צפת,273,S50,792.1,1532,/p/1532/אברהם-שטרן
273,אריאל אזנקוט,מכבי שהם,274,S50,791.9,6929,/p/6929/אריאל-אזנקוט
274,אנטולי רפופורט,הפועל אילת,275,S,791.2,7655,/p/7655/אנטולי-רפופורט
275,שי אוחיון,מועדון ספורט מעלה אדומים,276,S,790.4,5856,/p/5856/שי-אוחיון
276,נדב פרצי,בית''ר ראשון לציון,277,J17,787.2,4621,/p/4621/נדב-פרצי
277,ולרי סרייב,בית''ר רמלה,278,S50,786.1,3804,/p/3804/ולרי-סרייב
278,דן קריב,הפועל עירוני נוף הגליל,279,S50,784.1,2796,/p/2796/דן-קריב
279,אילן אשכנזי,מ. בני הרצליה,280,S40,783.1,7186,/p/7186/אילן-אשכנזי
280,רועי בכר,הפועל רמת ישי,281,J18,782.6,6185,/p/6185/רועי-בכר
281,אולג יוסימוב,הפועל חיפה,282,S50,781.7,508,/p/508/אולג-יוסימוב
282,ישי אדרי,טניס שולחן חיפה,283,C15,778.5,4250,/p/4250/ישי-אדרי
283,מורן גביש,מכבי זאב זכרון יעקב,284,S40,778.4,3095,/p/3095/מורן-גביש
284,אפרים מרדכייב,בית''ר באר שבע,285,S50,777.9,1327,/p/1327/אפרים-מרדכייב
285,ברק בינדר,מ. בני הרצליה,286,S,776.6,850,/p/850/ברק-בינדר
286,ניב אברהם,כרמל מרכזי טניס שולחן חיפה,287,J16,774.1,5595,/p/5595/ניב-אברהם
287,דניס לב,בית''ר באר שבע,288,S,770.1,734,/p/734/דניס-לב
288,תומר הרכבי,הפועל דרום השרון,289,S40,766.4,2198,/p/2198/תומר-הרכבי
289,אלכס רייצס,מועדון ספורט מעלה אדומים,290,S40,765.3,289,/p/289/אלכס-רייצס
290,אסף אלמן,"מ. טנ""ש ויקטור נתניה",291,S40,764.6,6025,/p/6025/אסף-אלמן
291,ניר סקיטל,ללא מועדון,292,S40,763.1,2326,/p/2326/ניר-סקיטל
292,עירן ברנזון,הפועל עירוני צפת,293,S50,763.0,1540,/p/1540/עירן-ברנזון
293,מיכאל גינזבורג,מכבי גבירול באר שבע,294,S60,762.2,1701,/p/1701/מיכאל-גינזבורג
294,איתי שחק,הפועל לוד,295,S,762.2,720,/p/720/איתי-שחק
295,אולג סטרוילוב,הפועל עירוני נוף הגליל,296,S60,758.6,8134,/p/8134/אולג-סטרוילוב
296,יאיר שרעבי,מכבי ראשל''צ טנ''ש,297,S70,755.5,1006,/p/1006/יאיר-שרעבי
297,רון צפור,הפועל ירושלים,298,S40,755.2,2157,/p/2157/רון-צפור
298,גולן סלמן,קאנטרי ג' תל אביב,299,S,755.2,2575,/p/2575/גולן-סלמן
299,יבגני מנזנוב,ללא מועדון,300,S,754.8,6346,/p/6346/יבגני-מנזנוב
300,אורי כהן,אופק קריית אונו,301,C15,754.7,6614,/p/6614/אורי-כהן
301,ניר בראון,מכבי שהם,302,S,751.8,1775,/p/1775/ניר-בראון
302,גיא צבי,הפועל ירושלים,303,S,749.1,188,/p/188/גיא-צבי
303,עודד נחשול,הפועל חיפה,304,S40,747.8,1248,/p/1248/עודד-נחשול
304,זיו גוטמן,הפועל טנ''ש באר שבע,305,S,747.0,824,/p/824/זיו-גוטמן
305,דניס גונוחוב,"מ. טנ""ש ויקטור נתניה",306,S40,746.2,2245,/p/2245/דניס-גונוחוב
306,יצחק ישראל,אליצור קריית אתא,307,S50,744.4,1230,/p/1230/יצחק-ישראל
307,מתן עופר,כרמל מרכזי טניס שולחן חיפה,308,S40,743.7,913,/p/913/מתן-עופר
308,אולג לנגרמן,אליצור קריית אתא,309,S40,743.4,1989,/p/1989/אולג-לנגרמן
309,ולדימיר שנדרנקו,כרמל מרכזי טניס שולחן חיפה,310,S60,742.7,985,/p/985/ולדימיר-שנדרנקו
310,שי רחמני,מכבי שהם,311,S40,741.2,1642,/p/1642/שי-רחמני
311,לב יופה,כרמל מרכזי טניס שולחן חיפה,312,S70,740.0,3695,/p/3695/לב-יופה
312,איגור נובק,טניס שולחן חיפה,313,S40,739.1,2606,/p/2606/איגור-נובק
313,דניאל קרבצ'נקו,מ. בני הרצליה,314,C14,738.6,4404,/p/4404/דניאל-קרבצ-נקו
314,אלון ארגמן,ללא מועדון,315,S40,735.8,7415,/p/7415/אלון-ארגמן
315,סרגיי יגורוב,אליצור קריית אתא,316,S,735.5,2799,/p/2799/סרגיי-יגורוב
316,דמיטרי רוגובין,הפועל טנ''ש באר שבע,317,S,734.3,1398,/p/1398/דמיטרי-רוגובין
317,אלברט לרמן,הישגי כרמיאל,318,S60,733.4,4298,/p/4298/אלברט-לרמן
318,רונן טולדנו,מכבי שהם,319,S50,732.8,1876,/p/1876/רונן-טולדנו
319,גילעד הוזליך,מכבי זאב זכרון יעקב,320,S,732.0,526,/p/526/גילעד-הוזליך
320,אייל פיירשטיין,הפועל ארנון רמת גן,321,S,728.6,764,/p/764/אייל-פיירשטיין
321,אבישי אבוחצירא,הפועל ירושלים,322,S,727.6,4526,/p/4526/אבישי-אבוחצירא
322,יפים גלייזר,מכבי גבירול באר שבע,323,S60,723.8,1544,/p/1544/יפים-גלייזר
323,עומרי שקד,מכבי רחובות,324,S40,723.4,7141,/p/7141/עומרי-שקד
324,דוד אלכסנדרוביץ,הפועל לוד,325,S,723.3,2997,/p/2997/דוד-אלכסנדרוביץ
325,שמעון בוזגן,הפועל עירוני נוף הגליל,326,S60,722.9,996,/p/996/שמעון-בוזגן
326,אבי עדי אבני,ללא מועדון,327,S,722.4,4308,/p/4308/אבי-עדי-אבני
327,גלעד רמתי,הפועל ארנון רמת גן,328,S40,720.9,1356,/p/1356/גלעד-רמתי
328,ויקטור מירוניוק,מכבי דימונה,329,S40,720.4,3658,/p/3658/ויקטור-מירוניוק
329,אלמוג בעל צדקה,ללא מועדון,330,J17,720.2,4654,/p/4654/אלמוג-בעל-צדקה
330,שגיא מאירי,הפועל טירת הכרמל,331,S40,719.8,1567,/p/1567/שגיא-מאירי
331,אורי חאיה,בית''ר רמלה,332,J16,718.7,4190,/p/4190/אורי-חאיה
332,משה לוי,מועדון ספורט מעלה אדומים,333,S,718.7,2320,/p/2320/משה-לוי
333,יאן לנדה,הפועל אשדוד,334,S50,716.5,1376,/p/1376/יאן-לנדה
334,משה באבא,הפועל ארנון רמת גן,335,S60,716.4,986,/p/986/משה-באבא
335,שלומי אברהם,מכבי ראשל''צ טנ''ש,336,S40,716.0,2848,/p/2848/שלומי-אברהם
336,דניאל בהונקר,בית''ר רמלה,337,S50,713.8,948,/p/948/דניאל-בהונקר
337,שיזף שטרית,הפועל גליל תחתון,338,J16,712.5,3851,/p/3851/שיזף-שטרית
338,גיא קליג,הפועל ירושלים,339,S,711.2,2672,/p/2672/גיא-קליג
339,רונן גבע,הפועל יוקנעם,340,S40,710.8,4441,/p/4441/רונן-גבע
340,ויאצ'סלב גלפמן,מכבי ראשל''צ טנ''ש,341,S40,709.0,1798,/p/1798/ויאצ-סלב-גלפמן
341,דורון חכם,מכבי תל אביב,342,S50,707.6,1787,/p/1787/דורון-חכם
342,ניבי דרבסי,הפועל האקדמיה לטניס שולחן מטה יהודה,343,J18,707.5,5587,/p/5587/ניבי-דרבסי
343,אביעד צברי,אופק קריית אונו,344,S50,707.2,4638,/p/4638/אביעד-צברי
344,יבגני רובמן,כרמל מרכזי טניס שולחן חיפה,345,S50,707.1,517,/p/517/יבגני-רובמן
345,אייל תומר,מכבי ראשל''צ טנ''ש,346,S60,704.9,1796,/p/1796/אייל-תומר
346,יקיר טאיבי,טניס שולחן חיפה,347,S,704.5,6923,/p/6923/יקיר-טאיבי
347,יעקב כהן גדול,בית''ר אשדוד,348,S70,703.4,990,/p/990/יעקב-כהן-גדול
348,שליו אלפסי,הפועל טנ''ש באר שבע,349,S,703.3,2281,/p/2281/שליו-אלפסי
349,ראובן אופציבסקי,בית''ר באר שבע,350,S,702.5,5473,/p/5473/ראובן-אופציבסקי
350,אברהם פרטוש,הפועל רמת ישי,351,S40,701.7,4680,/p/4680/אברהם-פרטוש
351,שרון שאדי,הפועל חולון,352,S40,700.3,2947,/p/2947/שרון-שאדי
352,ויאצ'סלב גנין,בית''ר אשדוד,353,S40,699.1,4673,/p/4673/ויאצ-סלב-גנין
353,שמואל שור,הפועל אשדוד,354,S60,697.5,1374,/p/1374/שמואל-שור
354,עמית להב,הפועל ארנון רמת גן,355,S40,695.0,917,/p/917/עמית-להב
355,מיכאל שפירא,מועדון ספורט מעלה אדומים,356,S,692.9,2175,/p/2175/מיכאל-שפירא
356,סיימון רוזין,הפועל פתח תקווה,357,S50,691.0,4366,/p/4366/סיימון-רוזין
357,בוריס שלפמן,הפועל לוד,358,S,689.1,2995,/p/2995/בוריס-שלפמן
358,יפתח נשרי,אופק קריית אונו,359,S60,687.9,958,/p/958/יפתח-נשרי
359,אסף וקרט,מכבי זאב זכרון יעקב,360,S,687.0,1440,/p/1440/אסף-וקרט
360,שגיא גוטיינר,עירוני גבעתיים,361,S,684.6,2582,/p/2582/שגיא-גוטיינר
361,ולדימיר ספונוב,עירוני מעלות תרשיחא,362,S,682.8,8574,/p/8574/ולדימיר-ספונוב
362,משה אלנשיא,בית''ר אשדוד,363,S60,682.6,984,/p/984/משה-אלנשיא
363,אבי שמרי,הפועל חולון,364,S50,681.9,1449,/p/1449/אבי-שמרי
364,יהלי זגורי,הישגי כרמיאל,365,M13,680.4,5847,/p/5847/יהלי-זגורי
365,מיכאל גורביץ,אליצור קריית אתא,366,S60,680.4,999,/p/999/מיכאל-גורביץ
366,ויטלי זלמן,עמותת קריית מוצקין,367,S50,679.0,1244,/p/1244/ויטלי-זלמן
367,עומר לוי,הפועל גליל תחתון,368,S,678.9,693,/p/693/עומר-לוי
368,ערן סימטוב,בית''ר באר שבע,369,S,678.4,2751,/p/2751/ערן-סימטוב
369,אהוד יריב,טנ''ש 2007 נתניה,370,S50,677.8,1263,/p/1263/אהוד-יריב
370,אולג אוישר,הפועל טנ''ש באר שבע,371,S50,674.8,1409,/p/1409/אולג-אוישר
371,יורם זילכה,"מ. טנ""ש ויקטור נתניה",372,S60,674.1,522,/p/522/יורם-זילכה
372,פבל זילברשטיין,הפועל יוקנעם,373,S50,673.2,2641,/p/2641/פבל-זילברשטיין
373,יגור קיסרי,הפועל חיפה,374,S,672.6,394,/p/394/יגור-קיסרי
374,ולרי ריאבצב,עירוני מעלות תרשיחא,375,S40,672.3,7393,/p/7393/ולרי-ריאבצב
375,רביד סלודובניק,עירוני גבעתיים,376,J16,672.0,4244,/p/4244/רביד-סלודובניק
376,מיכאל מלכה,הפועל עירוני צפת,377,S,672.0,1980,/p/1980/מיכאל-מלכה
377,ולאדיסלב נמירובסקי,מ. בני הרצליה,378,S40,671.8,8063,/p/8063/ולאדיסלב-נמירובסקי
378,פבלו מעיין,הפועל ירושלים,379,S,670.8,7656,/p/7656/פבלו-מעיין
379,דן גולדמן,ללא מועדון,380,S40,668.1,7251,/p/7251/דן-גולדמן
380,עמית מלמד,ללא מועדון,381,S40,668.0,4695,/p/4695/עמית-מלמד
381,מיכאל ליטבק,מכבי רחובות,382,J17,667.5,2484,/p/2484/מיכאל-ליטבק
382,זוריק מנשה,הפועל טנ''ש באר שבע,383,S60,663.1,1878,/p/1878/זוריק-מנשה
383,אומר חטמוב,הפועל ירושלים,384,S40,661.8,1268,/p/1268/אומר-חטמוב
384,שלמה ביגר,אופק קריית אונו,385,S40,661.6,4035,/p/4035/שלמה-ביגר
385,ערן מעוז,"מ. טנ""ש ויקטור נתניה",386,S40,661.3,6935,/p/6935/ערן-מעוז
386,נתנאל מזרחי,הפועל ירושלים,387,S,661.3,3033,/p/3033/נתנאל-מזרחי
387,יורי קוצ'ר,הפועל טנ''ש באר שבע,388,S40,660.9,2049,/p/2049/יורי-קוצ-ר
388,שמואל גושן,מ. בני הרצליה,389,S60,659.4,1682,/p/1682/שמואל-גושן
389,אסף גופר,אופק קריית אונו,390,S,655.7,407,/p/407/אסף-גופר
390,יעקב שקולניק,הפועל טנ''ש באר שבע,391,S60,655.1,1393,/p/1393/יעקב-שקולניק
391,גרגורי נטישינסקי,הישגי כרמיאל,392,S70,655.1,2338,/p/2338/גרגורי-נטישינסקי
392,יואל כהן,אופק קריית אונו,393,S,652.8,937,/p/937/יואל-כהן
393,אשר בר,מכבי שהם,394,S50,651.5,1779,/p/1779/אשר-בר
394,דניאל בורכוב,טנ''ש 2007 נתניה,395,S,650.0,7011,/p/7011/דניאל-בורכוב
395,סרגיי סקובלו,מכבי גבירול באר שבע,396,S40,649.8,4248,/p/4248/סרגיי-סקובלו
396,יורי בונדרנקו,הפועל לוד,397,S40,649.3,6880,/p/6880/יורי-בונדרנקו
397,יוגב שול,הפועל באר טוביה,398,S40,648.4,924,/p/924/יוגב-שול
398,אורי אוליצקי,טנ''ש 2007 נתניה,399,J18,645.8,3999,/p/3999/אורי-אוליצקי
399,פרדי אמינוב,הפועל בת ים,400,S70,644.1,1010,/p/1010/פרדי-אמינוב
400,אלכסנדר גורביץ,ללא מועדון,401,S,644.0,3107,/p/3107/אלכסנדר-גורביץ
401,רן פרץ,הפועל רמת ישי,402,S40,641.5,1434,/p/1434/רן-פרץ
402,מיכאל מוגורדומוב,בית''ר אשדוד,403,S40,640.7,4169,/p/4169/מיכאל-מוגורדומוב
403,יוסף חיים,הפועל ירושלים,404,S,640.5,8239,/p/8239/יוסף-חיים
404,שמואל שמואלי,הפועל ירושלים,405,S50,640.0,3378,/p/3378/שמואל-שמואלי
405,דוד סיבוני,מ.ק.מתנ''ס קריית גת,406,S60,639.7,2862,/p/2862/דוד-סיבוני
406,יפים פוגורלוב,הפועל בת ים,407,S70,639.5,1011,/p/1011/יפים-פוגורלוב
407,גיל איתן,מכבי תל אביב,408,J17,639.1,4792,/p/4792/גיל-איתן
408,גור רולניק,בית''ר רמלה,409,S40,638.5,1950,/p/1950/גור-רולניק
409,ראובן רוזן,הפועל טנ''ש באר שבע,410,S60,638.5,1390,/p/1390/ראובן-רוזן
410,אבי וידן,הפועל דרום השרון,411,S50,632.0,2096,/p/2096/אבי-וידן
411,הראל איילון,ללא מועדון,412,S,631.6,142,/p/142/הראל-איילון
412,אדם אמיר,עירוני גבעתיים,413,E20,631.5,1781,/p/1781/אדם-אמיר
413,פליקס ברלין,מכבי גבירול באר שבע,414,S60,631.5,1702,/p/1702/פליקס-ברלין
414,בן ציון הבדלה,מכבי רמת יצחק רמת גן,415,S50,631.3,1457,/p/1457/בן-ציון-הבדלה
415,אלכסנדר שרמן,מועדון ספורט מעלה אדומים,416,S70,630.9,302,/p/302/אלכסנדר-שרמן
416,חן עזריה,מכבי שהם,417,S,630.3,773,/p/773/חן-עזריה
417,יובל טולדנו,מכבי עירוני שדרות,418,S40,630.3,6668,/p/6668/יובל-טולדנו
418,ויאצסלב בלץ,הפועל טנ''ש באר שבע,419,S50,629.8,1636,/p/1636/ויאצסלב-בלץ
419,ניסים באבי,מ.ק.מתנ''ס קריית גת,420,E19,628.6,4718,/p/4718/ניסים-באבי
420,משה קאיט,הפועל טנ''ש באר שבע,421,S50,628.5,2083,/p/2083/משה-קאיט
421,ארנסט קלדררו,מכבי עירוני שדרות,422,S70,627.8,1209,/p/1209/ארנסט-קלדררו
422,חוסה מריו סבלה  פייג,הפועל לוד,423,S,627.2,6457,/p/6457/חוסה-מריו-סבלה-פייג
423,בני חי ג'נאח,עירוני טנ''ש ראש העין,424,S,624.9,8454,/p/8454/בני-חי-ג-נאח
424,אייל שדה,קאנטרי ג' תל אביב,425,S,624.1,8118,/p/8118/אייל-שדה
425,יניב עוזר,אליצור קריית אתא,426,S50,624.0,1231,/p/1231/יניב-עוזר
426,יואב זהר,"מ. טנ""ש ויקטור נתניה",427,S,623.5,1389,/p/1389/יואב-זהר
427,אלכסנדר קושבצקי,אליצור קריית אתא,428,S60,622.7,1235,/p/1235/אלכסנדר-קושבצקי
428,בנימין רחמינוב,אליצור קריית אתא,429,S50,622.7,1228,/p/1228/בנימין-רחמינוב
429,אלכסנדר ליבוביץ,הפועל לוד,430,S50,622.1,3844,/p/3844/אלכסנדר-ליבוביץ
430,ארז יצחק,הפועל לוד,431,S50,621.8,3680,/p/3680/ארז-יצחק
431,שאדי חדאד,הפועל עירוני נוף הגליל,432,S,620.5,5475,/p/5475/שאדי-חדאד
432,ברק דוידוביץ,הפועל אשדוד,433,S40,619.9,4262,/p/4262/ברק-דוידוביץ
433,איגור קוגן,הפועל חיפה,434,S60,617.9,533,/p/533/איגור-קוגן
434,רומן אמינוב,בית''ר אשדוד,435,S50,617.1,4011,/p/4011/רומן-אמינוב
435,יעקב היילברונר,אופק קריית אונו,436,S50,616.8,7067,/p/7067/יעקב-היילברונר
436,בנימין פרידמן,הפועל מבואות חרמון,437,S70,614.9,2278,/p/2278/בנימין-פרידמן
437,ניר פינקלשטיין,בית''ר באר שבע,438,S50,614.8,4501,/p/4501/ניר-פינקלשטיין
438,מרטין חרקובר,מכבי שהם,439,E21,614.6,2193,/p/2193/מרטין-חרקובר
439,נועם נימרודי,הפועל פתח תקווה,440,M13,611.7,6979,/p/6979/נועם-נימרודי
440,מיכאל שרייב,כרמל מרכזי טניס שולחן חיפה,441,S,609.2,8156,/p/8156/מיכאל-שרייב
441,אבישי שטיין,ללא מועדון,442,S,608.7,813,/p/813/אבישי-שטיין
442,דניאל וקנין,הפועל לוד,443,S60,607.6,1173,/p/1173/דניאל-וקנין
443,פליקס חכם,הפועל פתח תקווה,444,S50,607.0,2627,/p/2627/פליקס-חכם
444,צחי גיגי,מ. בני הרצליה,445,S40,606.8,951,/p/951/צחי-גיגי
445,הראל יפת,אופק קריית אונו,446,S,602.8,3832,/p/3832/הראל-יפת
446,רוסלן פינקלשטיין,הפועל ארנון רמת גן,447,S40,602.8,3972,/p/3972/רוסלן-פינקלשטיין
447,אריאל שימונוב,מכבי דימונה,448,M13,602.5,4517,/p/4517/אריאל-שימונוב
448,יעקב קרקר,הפועל חיפה,449,S60,601.6,1559,/p/1559/יעקב-קרקר
449,ניר אולשר,אופק קריית אונו,450,C15,601.5,6895,/p/6895/ניר-אולשר
450,רומן סיגלוב,טנ''ש נס ציונה,451,S40,601.4,933,/p/933/רומן-סיגלוב
451,יאיר ברגר,הפועל ירושלים,452,S60,599.3,3399,/p/3399/יאיר-ברגר
452,ויאצ'סלב סנדקוב,הפועל מבואות חרמון,453,S70,599.1,4805,/p/4805/ויאצ-סלב-סנדקוב
453,סיאמק לקן,מועדון ספורט מעלה אדומים,454,S40,597.5,5680,/p/5680/סיאמק-לקן
454,איליה ברונשטיין,מועדון ספורט מעלה אדומים,455,S40,596.8,2955,/p/2955/איליה-ברונשטיין
455,צבי מנור,מרכז לחינוך וספורט רמת השרון,456,S40,595.7,1678,/p/1678/צבי-מנור
456,ארטיום מרטיסיוק,הפועל בת ים,457,S,594.6,3008,/p/3008/ארטיום-מרטיסיוק
457,יהונתן דהן,מכבי זאב זכרון יעקב,458,E20,593.6,2065,/p/2065/יהונתן-דהן
458,דויד אסוביץ,הפועל ירושלים,459,S40,593.0,1155,/p/1155/דויד-אסוביץ
459,אלעד מור יוסף,ללא מועדון,460,C14,592.1,3820,/p/3820/אלעד-מור-יוסף
460,סהר ברוך,הפועל לוד,461,J16,591.8,5731,/p/5731/סהר-ברוך
461,פיליפ זייציק,"מ. טנ""ש ויקטור נתניה",462,S60,590.8,1663,/p/1663/פיליפ-זייציק
462,אלכס וייסמן,בית''ר רמלה,463,S50,590.4,1293,/p/1293/אלכס-וייסמן
463,בועז תירוש,ללא מועדון,464,S50,589.9,2825,/p/2825/בועז-תירוש
464,שחר טל,מכבי שהם,465,S40,586.7,1643,/p/1643/שחר-טל
465,ולדיסלב לשציוב,הפועל אשקלון,466,S40,586.6,2954,/p/2954/ולדיסלב-לשציוב
466,ויאציסלב סוסונוב,מכבי גבירול באר שבע,467,S50,585.8,1340,/p/1340/ויאציסלב-סוסונוב
467,איל רונן,מ. בני הרצליה,468,S40,584.8,7541,/p/7541/איל-רונן
468,ירון אילן,עירוני טנ''ש ראש העין,469,S60,582.0,7110,/p/7110/ירון-אילן
469,עבד מסעוד,הפועל יוקנעם,470,E21,580.5,8098,/p/8098/עבד-מסעוד
470,ולדיסלב קניגין,הפועל טנ''ש באר שבע,471,S50,579.0,2055,/p/2055/ולדיסלב-קניגין
471,מישל עוז,הפועל ירושלים,472,S70,578.1,460,/p/460/מישל-עוז
472,אנדריי פלייר,הפועל ירושלים,473,S50,577.4,1766,/p/1766/אנדריי-פלייר
473,יואב קמק,אופק קריית אונו,474,J16,576.8,4146,/p/4146/יואב-קמק
474,יורם פזנד,טנ''ש 2007 נתניה,475,S50,576.1,1630,/p/1630/יורם-פזנד
475,בוריס סמיונוב,מועדון ספורט מעלה אדומים,476,S60,575.8,309,/p/309/בוריס-סמיונוב
476,חיימי שלום,עירוני גבעתיים,477,S,575.7,5753,/p/5753/חיימי-שלום
477,שארלי אבגי,הפועל עירוני נוף הגליל,478,S40,574.7,2188,/p/2188/שארלי-אבגי
478,טל שורק,אופק קריית אונו,479,S40,573.5,1395,/p/1395/טל-שורק
479,ולדימיר בריימן,מכבי דימונה,480,S50,572.0,2660,/p/2660/ולדימיר-בריימן
480,משה מור,הפועל ירושלים,481,S70,571.8,3383,/p/3383/משה-מור
481,מאיר כהן,הפועל ירושלים,482,S,571.7,5648,/p/5648/מאיר-כהן
482,יהושע פפר,הפועל ירושלים,483,S40,570.7,5712,/p/5712/יהושע-פפר
483,פואד ליאור שלמה,עמותת קריית מוצקין,484,S60,570.4,3867,/p/3867/פואד-ליאור-שלמה
484,אליהו כהן,הפועל ירושלים,485,S60,569.9,3391,/p/3391/אליהו-כהן
485,גיל ספורטה,"מ. טנ""ש ויקטור נתניה",486,E19,569.9,2958,/p/2958/גיל-ספורטה
486,יניב כץ,עירוני גבעתיים,487,S50,569.7,5674,/p/5674/יניב-כץ
487,יבגני גולנדר,בית''ר ראשון לציון,488,S40,569.0,3114,/p/3114/יבגני-גולנדר
488,אבי וידן,ללא מועדון,489,S50,568.0,7166,/p/7166/אבי-וידן
489,עדי לוי,הפועל מבואות חרמון,490,S40,567.7,7458,/p/7458/עדי-לוי
490,יצחק מיאלי,מ. בני הרצליה,491,S70,567.3,1683,/p/1683/יצחק-מיאלי
491,אוריאל מרציאנו,"מ. טנ""ש ויקטור נתניה",492,J17,565.7,5506,/p/5506/אוריאל-מרציאנו
492,לאוניד וטמכר,טנ''ש נס ציונה,493,S40,564.7,896,/p/896/לאוניד-וטמכר
493,יעקובוב ארטור,הפועל חולון,494,S40,564.3,2945,/p/2945/יעקובוב-ארטור
494,איסאק פרנקל,עמותת קריית מוצקין,495,S70,563.4,2675,/p/2675/איסאק-פרנקל
495,ערן בן אבי,טניס שולחן חיפה,496,S40,562.3,4485,/p/4485/ערן-בן-אבי
496,נאור יעקובוב,בית''ר ראשון לציון,497,S,561.5,5657,/p/5657/נאור-יעקובוב
497,מזהר מגאדלי,הפועל מתנ''ס בקה אל גרבייה,498,S40,561.1,1498,/p/1498/מזהר-מגאדלי
498,גיל אלבר,מכבי זאב זכרון יעקב,499,S50,560.8,944,/p/944/גיל-אלבר
499,טארק קעדאן,הפועל מתנ''ס בקה אל גרבייה,500,S,559.0,3015,/p/3015/טארק-קעדאן
500,שון סידלר,מכבי שהם,501,S,558.6,772,/p/772/שון-סידלר
501,יהלי לויט,"מ. טנ""ש ויקטור נתניה",502,J17,558.4,5507,/p/5507/יהלי-לויט
502,דניס בטלין,הפועל ירושלים,503,S40,557.8,243,/p/243/דניס-בטלין
503,יבגני לב,בית''ר ראשון לציון,504,S50,556.1,1933,/p/1933/יבגני-לב
504,עירד דניאל,אופק קריית אונו,505,J18,555.9,4090,/p/4090/עירד-דניאל
505,גבריאל פנחסוב,הפועל לוד,506,S60,554.9,5486,/p/5486/גבריאל-פנחסוב
506,קונסטנטין שצ'וקין,הפועל בת ים,507,S40,553.1,6670,/p/6670/קונסטנטין-שצ-וקין
507,יהלי וולטר,מכבי שהם,508,C15,552.2,4128,/p/4128/יהלי-וולטר
508,יובל הדס,טנ''ש 2007 נתניה,509,S50,551.8,8381,/p/8381/יובל-הדס
509,ליאם זהבי,הפועל לוד,510,M12,550.7,5811,/p/5811/ליאם-זהבי
510,לאוניד גילובוי,טנ''ש נס ציונה,511,S50,549.0,1365,/p/1365/לאוניד-גילובוי
511,מאיר פריבס,הפועל באר טוביה,512,S50,547.5,939,/p/939/מאיר-פריבס
512,אשד צפריר,הפועל אשדוד,513,S50,544.6,2025,/p/2025/אשד-צפריר
513,ניר חוכימה,"מ. טנ""ש ויקטור נתניה",514,S40,543.5,1662,/p/1662/ניר-חוכימה
514,יעקב חן,הפועל חיפה,515,S70,543.5,1565,/p/1565/יעקב-חן
515,נדב שוורץ,הפועל לוד,516,E20,542.5,1957,/p/1957/נדב-שוורץ
516,ליאוניד ג'מפלסון,הפועל מבואות חרמון,517,S60,542.5,5725,/p/5725/ליאוניד-ג-מפלסון
517,קיריל רודובסקי,"מ. טנ""ש ויקטור נתניה",518,S,540.4,7137,/p/7137/קיריל-רודובסקי
518,יאיר שניידר,הפועל רמת ישי,519,C14,538.1,5612,/p/5612/יאיר-שניידר
519,ולדימיר מלינובסקי,הפועל לוד,520,S40,538.0,2068,/p/2068/ולדימיר-מלינובסקי
520,אמנון מלמד,עירוני טנ''ש ראש העין,521,S50,537.2,1688,/p/1688/אמנון-מלמד
521,אלכס ארונוב,מכבי זאב זכרון יעקב,522,S40,536.6,5653,/p/5653/אלכס-ארונוב
522,אמיר מטרי,מועדון ספורט מעלה אדומים,523,S40,535.6,3389,/p/3389/אמיר-מטרי
523,יוסף מנדלמן,אליצור קריית אתא,524,S70,534.7,1016,/p/1016/יוסף-מנדלמן
524,ארז יקואל,מכבי רחובות,525,S50,533.4,7197,/p/7197/ארז-יקואל
525,אנדריי רובינשטיין,הפועל טנ''ש באר שבע,526,S60,532.8,1002,/p/1002/אנדריי-רובינשטיין
526,ויקטור סבדיאן,בית''ר ראשון לציון,527,S,530.5,8095,/p/8095/ויקטור-סבדיאן
527,שלומי פרנק,מכבי רחובות,528,S50,529.5,953,/p/953/שלומי-פרנק
528,רומן רייטיך,הישגי כרמיאל,529,S40,529.2,4319,/p/4319/רומן-רייטיך
529,חן ליבשבסקי,הפועל טירת הכרמל,530,S,528.9,3636,/p/3636/חן-ליבשבסקי
530,אברהם עמידן,הפועל טנ''ש באר שבע,531,S60,528.9,4306,/p/4306/אברהם-עמידן
531,אלכסנדר יורצ'נקו,מכבי גבירול באר שבע,532,S40,528.5,4246,/p/4246/אלכסנדר-יורצ-נקו
532,גינדי בייבוק,בית''ר אשדוד,533,S50,527.9,3858,/p/3858/גינדי-בייבוק
533,אלי גורביץ,הפועל טנ''ש באר שבע,534,E20,527.5,668,/p/668/אלי-גורביץ
534,עידו אלטרץ,ללא מועדון,535,J18,525.3,2807,/p/2807/עידו-אלטרץ
535,אלכסנדר ורנברג,הפועל טירת הכרמל,536,S70,523.8,1561,/p/1561/אלכסנדר-ורנברג
536,זאב לחמי,מכבי זאב זכרון יעקב,537,S60,523.4,1717,/p/1717/זאב-לחמי
537,אילן אביבי,הפועל חיפה,538,S60,523.2,397,/p/397/אילן-אביבי
538,אנדרי שינדלר,מ.ק.מתנ''ס קריית גת,539,S40,523.0,2130,/p/2130/אנדרי-שינדלר
539,אלעד מרנבך,הפועל מבואות חרמון,540,S,522.4,4831,/p/4831/אלעד-מרנבך
540,אולג ירובינסקי,מכבי עירוני שדרות,541,S40,521.6,6669,/p/6669/אולג-ירובינסקי
541,יעקב ברזילי,הפועל ירושלים,542,E20,521.2,4538,/p/4538/יעקב-ברזילי
542,אלכס לבובסקי,אופק קריית אונו,543,S50,520.5,7316,/p/7316/אלכס-לבובסקי
543,אמיתי זיו,הפועל האקדמיה לטניס שולחן מטה יהודה,544,J17,520.2,3777,/p/3777/אמיתי-זיו
544,מיכאל סמלסון,בית''ר ראשון לציון,545,S,519.8,7960,/p/7960/מיכאל-סמלסון
545,בוריס יקובובסקי,אליצור קריית אתא,546,S70,519.5,2036,/p/2036/בוריס-יקובובסקי
546,אהרן קרשטיין,מכבי רחובות,547,S,518.6,5759,/p/5759/אהרן-קרשטיין
547,רועי בניימין,כרמל מרכזי טניס שולחן חיפה,548,C14,517.2,3737,/p/3737/רועי-בניימין
548,דוד אלבז,הפועל ירושלים,549,S50,516.6,310,/p/310/דוד-אלבז
549,גל ברלינסקי,הפועל דרום השרון,550,S50,516.3,7070,/p/7070/גל-ברלינסקי
550,גרשון שמונוב,מכבי דימונה,551,S50,514.8,7155,/p/7155/גרשון-שמונוב
551,מיכאל פלדמן,כרמל מרכזי טניס שולחן חיפה,552,S40,514.6,950,/p/950/מיכאל-פלדמן
552,מרק חרקובר,הפועל בת ים,553,S60,514.5,1411,/p/1411/מרק-חרקובר
553,עידו שפירר,כרמל מרכזי טניס שולחן חיפה,554,C14,513.8,5610,/p/5610/עידו-שפירר
554,ברק ברק,הפועל אשקלון,555,S50,513.1,3140,/p/3140/ברק-ברק
555,עידו ששון,כרמל מרכזי טניס שולחן חיפה,556,J16,512.3,6490,/p/6490/עידו-ששון
556,סטניסלב סוקולוב,ללא מועדון,557,J18,512.0,3188,/p/3188/סטניסלב-סוקולוב
557,איליה ליברצוק,עמותת קריית מוצקין,558,S60,511.8,1640,/p/1640/איליה-ליברצוק
558,טל שרף,הפועל רמת ישי,559,S,511.8,3049,/p/3049/טל-שרף
559,טל וולקוביץ,הפועל ארנון רמת גן,560,S40,511.5,1372,/p/1372/טל-וולקוביץ
560,גבור אליאש,הפועל לוד,561,S70,511.1,919,/p/919/גבור-אליאש
561,אלכסנדר ריטבין,בית''ר באר שבע,562,S60,510.5,1330,/p/1330/אלכסנדר-ריטבין
562,סמיון פליפנקו,כרמל מרכזי טניס שולחן חיפה,563,E21,508.9,663,/p/663/סמיון-פליפנקו
563,רוני מרטון,הפועל חיפה,564,S60,508.1,4296,/p/4296/רוני-מרטון
564,אבי שפי,מכבי רמת יצחק רמת גן,565,S60,506.7,988,/p/988/אבי-שפי
565,פיליפ בלדר,טניס שולחן חיפה,566,S40,506.3,3011,/p/3011/פיליפ-בלדר
566,אביעד יצחקי,הפועל ירושלים,567,E19,505.3,7350,/p/7350/אביעד-יצחקי
567,רוני צציק,מכבי ראשל''צ טנ''ש,568,S60,504.1,1757,/p/1757/רוני-צציק
568,אנדריי דולגנוב,מכבי דימונה,569,S40,502.2,6750,/p/6750/אנדריי-דולגנוב
569,אנדריי סלונים,הפועל חיפה,570,S40,500.7,6465,/p/6465/אנדריי-סלונים
570,דימיטרי גורליק,טנ''ש נס ציונה,571,S50,500.6,1111,/p/1111/דימיטרי-גורליק
571,נסים קעדאן,הפועל מתנ''ס בקה אל גרבייה,572,S40,499.4,1497,/p/1497/נסים-קעדאן
572,ששון שמאילוב,הפועל ביחד עברון מזרעה,573,S40,498.9,3870,/p/3870/ששון-שמאילוב
573,לאוניד אייקליס,הפועל חיפה,574,S60,498.3,2815,/p/2815/לאוניד-אייקליס
574,קורן אדר,הפועל רמת ישי,575,C14,497.8,6699,/p/6699/קורן-אדר
575,זאב ליטיצבר,מכבי רחובות,576,S50,496.5,5760,/p/5760/זאב-ליטיצבר
576,אריאל חכם,ללא מועדון,577,S,495.4,7041,/p/7041/אריאל-חכם
577,ויטלי בלנק,הפועל פתח תקווה,578,S40,495.1,5519,/p/5519/ויטלי-בלנק
578,יהונתן ברונשטין,הפועל לוד,579,M13,494.8,5464,/p/5464/יהונתן-ברונשטין
579,נעם פלייסינג,הפועל חולון,580,S50,493.8,1448,/p/1448/נעם-פלייסינג
580,אורי צור,הפועל ירושלים,581,S50,490.7,4528,/p/4528/אורי-צור
581,ליאור אל-על,הפועל ירושלים,582,S50,487.0,3379,/p/3379/ליאור-אל-על
582,ארי ואקיל,מכבי כוכב יאיר - צור יגאל,583,S60,485.7,6727,/p/6727/ארי-ואקיל
583,דמיטרי גלפרין,מכבי גבירול באר שבע,584,S40,484.8,1897,/p/1897/דמיטרי-גלפרין
584,איתי דוכני,בית''ר ראשון לציון,585,C15,484.1,7984,/p/7984/איתי-דוכני
585,איתמר יוסף לב,הפועל מבואות חרמון,586,C15,481.1,5581,/p/5581/איתמר-יוסף-לב
586,עדן נזרי,טניס שולחן חיפה,587,J18,480.2,4562,/p/4562/עדן-נזרי
587,יוסף חיים אריש,"מ. טנ""ש ויקטור נתניה",588,C14,478.5,5523,/p/5523/יוסף-חיים-אריש
588,דורון סולודר,הפועל לוד,589,S40,477.0,1477,/p/1477/דורון-סולודר
589,מיכאל קרייזמן,הפועל ארנון רמת גן,590,S50,476.7,3728,/p/3728/מיכאל-קרייזמן
590,לב אברוסקין,הפועל אילת,591,S50,476.5,2392,/p/2392/לב-אברוסקין
591,רוני טסלר,מכבי זאב זכרון יעקב,592,S,475.6,1249,/p/1249/רוני-טסלר
592,אלון קנטרז'י,טניס שולחן חיפה,593,S40,475.4,6706,/p/6706/אלון-קנטרז-י
593,גדי ברגה,מכבי תל אביב,594,J17,474.2,6763,/p/6763/גדי-ברגה
594,אלכסנדר קוסקובסקי,מכבי דימונה,595,S60,474.2,3693,/p/3693/אלכסנדר-קוסקובסקי
595,רומן בסמרטני,בית''ר חדרה,596,S60,473.7,1315,/p/1315/רומן-בסמרטני
596,ודים שומקוב,מכבי עירוני שדרות,597,S50,472.8,1208,/p/1208/ודים-שומקוב
597,יאיר קורסקוב,הפועל ירושלים,598,J18,472.6,4535,/p/4535/יאיר-קורסקוב
598,ודים לבדב,הפועל בת ים,599,S50,472.0,3647,/p/3647/ודים-לבדב
599,ולדימיר דרביאן,מכבי דימונה,600,S50,471.1,3692,/p/3692/ולדימיר-דרביאן
600,יובל חזן,הפועל חיפה,601,S50,470.3,5321,/p/5321/יובל-חזן
601,מאיר תור,הפועל דרום השרון,602,S70,470.0,1022,/p/1022/מאיר-תור
602,מיכאל רבינוביץ,כרמל מרכזי טניס שולחן חיפה,603,C14,469.8,5611,/p/5611/מיכאל-רבינוביץ
603,יואב יהלום,מכבי מתנ''ס כפר יונה,604,S70,469.4,2098,/p/2098/יואב-יהלום
604,משה גרשון,הפועל ירושלים,605,S,469.1,124,/p/124/משה-גרשון
605,מרדכי דבורקין,הפועל ירושלים,606,S70,468.7,3390,/p/3390/מרדכי-דבורקין
606,משה גלר,עמותת קריית מוצקין,607,S70,468.6,1020,/p/1020/משה-גלר
607,אלכסנדר אפשטיין,הפועל עירוני נוף הגליל,608,S60,468.3,4274,/p/4274/אלכסנדר-אפשטיין
608,לאוניד קלניצקי,אופק קריית אונו,609,S60,468.0,2925,/p/2925/לאוניד-קלניצקי
609,איליה אומנסקי,הפועל יוקנעם,610,S,467.8,5871,/p/5871/איליה-אומנסקי
610,נתן גרמפל,הפועל לוד,611,S50,467.2,4204,/p/4204/נתן-גרמפל
611,מיכאל אסינובסקי,הפועל טנ''ש באר שבע,612,S50,466.6,2803,/p/2803/מיכאל-אסינובסקי
612,שון איכנבאום,הפועל לוד,613,M12,465.9,4814,/p/4814/שון-איכנבאום
613,מיכאל שקולניק,מ.ק.מתנ''ס קריית גת,614,S70,465.1,1554,/p/1554/מיכאל-שקולניק
614,שגיא גלילי,מכבי רחובות,615,S,464.9,1257,/p/1257/שגיא-גלילי
615,איתן בן עטיה,הפועל פתח תקווה,616,C15,463.8,5558,/p/5558/איתן-בן-עטיה
616,יניב שרון,ללא מועדון,617,E19,463.8,110,/p/110/יניב-שרון
617,אלעד עמי,מכבי גדרה,618,S40,463.1,7055,/p/7055/אלעד-עמי
618,נדב למדן,ללא מועדון,619,J18,463.1,2979,/p/2979/נדב-למדן
619,אמיר מרון,עירוני גבעתיים,620,S50,463.0,5752,/p/5752/אמיר-מרון
620,ישראל רחמים,ללא מועדון,621,S50,462.5,1551,/p/1551/ישראל-רחמים
621,ארז צח,הפועל ירושלים,622,S50,462.4,3384,/p/3384/ארז-צח
622,מיכאל גויכמן,הפועל טנ''ש באר שבע,623,S60,460.8,2355,/p/2355/מיכאל-גויכמן
623,אור גרשון,הפועל ירושלים,624,E21,459.3,109,/p/109/אור-גרשון
624,ויטלי וולפין,הפועל אשקלון,625,S,458.7,2283,/p/2283/ויטלי-וולפין
625,דוד מרציאנו,הפועל ירושלים,626,S70,458.0,3382,/p/3382/דוד-מרציאנו
626,אופיר ספקטור,טנ''ש 2007 נתניה,627,S,457.6,786,/p/786/אופיר-ספקטור
627,עילאי דוידוב,מכבי דימונה,628,B10,457.3,6733,/p/6733/עילאי-דוידוב
628,יבגני גובנקו,בית''ר רמלה,629,S40,456.2,1294,/p/1294/יבגני-גובנקו
629,פדרו בלוק,אליצור קריית אתא,630,S70,452.8,1015,/p/1015/פדרו-בלוק
630,אפק אביבי,אופק קריית אונו,631,J18,452.7,6181,/p/6181/אפק-אביבי
631,שמוליק בן עשור,הפועל חיפה,632,S50,452.3,389,/p/389/שמוליק-בן-עשור
632,נבט סימון,ללא מועדון,633,S60,451.1,1686,/p/1686/נבט-סימון
633,גנדי אוקון,כרמל מרכזי טניס שולחן חיפה,634,S50,450.8,2255,/p/2255/גנדי-אוקון
634,עמנואל חן,הפועל עירוני צפת,635,S40,450.4,1982,/p/1982/עמנואל-חן
635,דניאל ברוך,בית''ר באר שבע,636,J16,450.0,5319,/p/5319/דניאל-ברוך
636,בוריס לויט,מועדון ספורט מעלה אדומים,637,S50,449.3,6984,/p/6984/בוריס-לויט
637,איתי אבנר,הפועל ירושלים,638,S,449.1,3422,/p/3422/איתי-אבנר
638,שי וינר,מכבי כוכב יאיר - צור יגאל,639,S40,449.0,6724,/p/6724/שי-וינר
639,אליהו טל,הפועל לוד,640,S60,448.9,4117,/p/4117/אליהו-טל
640,גלעד לביא,טניס שולחן חיפה,641,J18,448.8,6476,/p/6476/גלעד-לביא
641,לאוניד פליישר,טניס שולחן חיפה,642,S40,448.7,1576,/p/1576/לאוניד-פליישר
642,אתגר כהן,הפועל ביחד עברון מזרעה,643,S50,446.1,7383,/p/7383/אתגר-כהן
643,רועי ברוש,מכבי שהם,644,S,445.9,5549,/p/5549/רועי-ברוש
644,לאון איסחק,הפועל באר טוביה,645,S50,444.1,3075,/p/3075/לאון-איסחק
645,יהונתן לוי,מכבי תל אביב,646,C15,442.8,4249,/p/4249/יהונתן-לוי
646,יוסף דרוסקין,הפועל עירוני נוף הגליל,647,S60,441.9,1523,/p/1523/יוסף-דרוסקין
647,שי הדר,הפועל באר טוביה,648,J16,441.5,6053,/p/6053/שי-הדר
648,עמרי אלימלך,עירוני גבעתיים,649,J17,441.1,3814,/p/3814/עמרי-אלימלך
649,נועם עטיה,הפועל רמת ישי,650,M12,440.4,6934,/p/6934/נועם-עטיה
650,איליה אוצנסקי,ללא מועדון,651,S70,439.6,2034,/p/2034/איליה-אוצנסקי
651,אלי זלצר,אליצור קריית אתא,652,S70,436.8,1023,/p/1023/אלי-זלצר
652,אלעד יוזבגי,טניס שולחן חיפה,653,J18,436.1,4123,/p/4123/אלעד-יוזבגי
653,איגור סלבנקו,כרמל מרכזי טניס שולחן חיפה,654,S60,436.0,993,/p/993/איגור-סלבנקו
654,ארז מנחם,מכבי ראשל''צ טנ''ש,655,S,435.4,3113,/p/3113/ארז-מנחם
655,דוד אשרוב,מכבי גדרה,656,S50,434.3,423,/p/423/דוד-אשרוב
656,איתי שרון,בית''ר ראשון לציון,657,C15,433.2,4176,/p/4176/איתי-שרון
657,עומר סרף,טנ''ש 2007 נתניה,658,M13,431.3,7384,/p/7384/עומר-סרף
658,ניר דוד,הפועל ירושלים,659,S50,430.9,276,/p/276/ניר-דוד
659,גיא חיים אדלשטיין,טניס שולחן חיפה,660,S50,430.7,7477,/p/7477/גיא-חיים-אדלשטיין
660,לב בריינר,הפועל לוד,661,S50,429.9,2994,/p/2994/לב-בריינר
661,אלמגור אשכנזי,הפועל גליל תחתון,662,C15,428.1,5867,/p/5867/אלמגור-אשכנזי
662,נועם אוסניס,הפועל לוד,663,S,428.0,3740,/p/3740/נועם-אוסניס
663,דוד קרסנטי,הפועל טנ''ש באר שבע,664,J18,427.8,6834,/p/6834/דוד-קרסנטי
664,חנוך מרקשייד,מכבי זאב זכרון יעקב,665,S60,427.1,994,/p/994/חנוך-מרקשייד
665,אלי פרידמן,מכבי כוכב יאיר - צור יגאל,666,S50,426.6,6761,/p/6761/אלי-פרידמן
666,גילעד סקופ,טנ''ש 2007 נתניה,667,S,425.6,2442,/p/2442/גילעד-סקופ
667,שחר כרמלי,הפועל חולון,668,S,425.5,3934,/p/3934/שחר-כרמלי
668,מיכאל עזאר,הפועל לוד,669,S40,424.8,5495,/p/5495/מיכאל-עזאר
669,מאור ניחנביץ,כרמל מרכזי טניס שולחן חיפה,670,M12,424.7,5782,/p/5782/מאור-ניחנביץ
670,איליה ספיבק,הפועל אילת,671,S,422.3,7605,/p/7605/איליה-ספיבק
671,אנדרי לפיצקי,הפועל עירוני נוף הגליל,672,S40,421.7,1528,/p/1528/אנדרי-לפיצקי
672,שי דוקטורי,מכבי רחובות,673,S,420.3,1290,/p/1290/שי-דוקטורי
673,אנטולי יפנוב,הפועל עירוני נוף הגליל,674,S60,419.8,1525,/p/1525/אנטולי-יפנוב
674,שחר אפטשיין,מ. בני הרצליה,675,S40,419.8,7571,/p/7571/שחר-אפטשיין
675,גנאדי קרקיס,הפועל טנ''ש באר שבע,676,S60,418.5,2700,/p/2700/גנאדי-קרקיס
676,אברהם דקל,מכבי ראשל''צ טנ''ש,677,S60,418.3,1956,/p/1956/אברהם-דקל
677,נטע בן דוד,הפועל רמת ישי,678,J16,418.3,6037,/p/6037/נטע-בן-דוד
678,יורם מוזס,הפועל תל אביב,679,S60,417.9,4700,/p/4700/יורם-מוזס
679,יונתן לקס,עמותת קריית מוצקין,680,S,415.7,7048,/p/7048/יונתן-לקס
680,דימיטרי שמושקין,הפועל לוד,681,S,414.5,1429,/p/1429/דימיטרי-שמושקין
681,זיגלמן יבגני,כרמל מרכזי טניס שולחן חיפה,682,S40,414.5,7132,/p/7132/זיגלמן-יבגני
682,גל כץ זמיר,מכבי זאב זכרון יעקב,683,C14,414.1,7175,/p/7175/גל-כץ-זמיר
683,יצחק אשכנזי,מכבי שהם,684,S50,414.1,2763,/p/2763/יצחק-אשכנזי
684,גנאדי גורליק,מכבי גבירול באר שבע,685,S40,414.0,2703,/p/2703/גנאדי-גורליק
685,הדר בהט,טניס שולחן חיפה,686,S,413.7,6751,/p/6751/הדר-בהט
686,ירון כהן,אופק קריית אונו,687,S50,413.7,5451,/p/5451/ירון-כהן
687,יורי מושקוביץ,מ. בני הרצליה,688,S50,412.5,7517,/p/7517/יורי-מושקוביץ
688,חיים זינגר,מכבי כוכב יאיר - צור יגאל,689,S60,412.2,6721,/p/6721/חיים-זינגר
689,אלנתן גד,בית''ר ראשון לציון,690,S50,411.1,518,/p/518/אלנתן-גד
690,אילן אנגל,טנ''ש נס ציונה,691,S40,409.2,6202,/p/6202/אילן-אנגל
691,בוריס סקליארביץ,מכבי גבירול באר שבע,692,S70,408.7,1700,/p/1700/בוריס-סקליארביץ
692,טל רזומוב,אופק קריית אונו,693,S,408.7,6224,/p/6224/טל-רזומוב
693,שלומי שוורץ,מכבי גבירול באר שבע,694,S40,407.8,2716,/p/2716/שלומי-שוורץ
694,לירון דור,טנ''ש 2007 נתניה,695,S40,407.4,2405,/p/2405/לירון-דור
695,איתי שלומוב,מ.ק.מתנ''ס קריית גת,696,J18,407.3,3091,/p/3091/איתי-שלומוב
696,אולג סידורנוקו,הפועל אשקלון,697,S50,405.6,2131,/p/2131/אולג-סידורנוקו
697,אלכסנדר דינרשטיין,מ. בני הרצליה,698,S40,405.0,6571,/p/6571/אלכסנדר-דינרשטיין
698,אורי הלמן,מ. בני הרצליה,699,S40,404.9,8040,/p/8040/אורי-הלמן
699,רותם צבי בניאס,מועדון טניס שולחן עפולה,700,S40,404.1,7475,/p/7475/רותם-צבי-בניאס
700,ודים גוטין,ללא מועדון,701,S40,403.3,6705,/p/6705/ודים-גוטין
701,אנטולי פלדמן,הפועל בת ים,702,S60,402.9,1425,/p/1425/אנטולי-פלדמן
702,יבגני כצמן,אופק קריית אונו,703,S50,402.5,6824,/p/6824/יבגני-כצמן
703,דניס קוגן,הפועל אשדוד,704,S40,402.5,3044,/p/3044/דניס-קוגן
704,יוחאי עצמון,עירוני טנ''ש ראש העין,705,S50,402.2,7312,/p/7312/יוחאי-עצמון
705,אורי אגמון,מכבי תל אביב,706,S,402.0,220,/p/220/אורי-אגמון
706,רוני אנג'ל,הפועל ירושלים,707,S70,400.7,3375,/p/3375/רוני-אנג-ל
707,שלומי שיינמן,מ. בני הרצליה,708,S40,399.9,1679,/p/1679/שלומי-שיינמן
708,נועם זינגר,עירוני גבעתיים,709,S,396.8,5542,/p/5542/נועם-זינגר
709,יצחק מטטוב,מכבי דימונה,710,S50,396.5,3689,/p/3689/יצחק-מטטוב
710,גיל נוימרק,טנ''ש נס ציונה,711,J18,396.3,6794,/p/6794/גיל-נוימרק
711,סרגיי גליטיוק,מכבי גבירול באר שבע,712,S60,396.2,1706,/p/1706/סרגיי-גליטיוק
712,חיים אוחנה,הפועל עירוני צפת,713,S50,396.0,1983,/p/1983/חיים-אוחנה
713,אסף פרינטי,מכבי רחובות,714,S,394.7,3093,/p/3093/אסף-פרינטי
714,אוהד קורן,אופק קריית אונו,715,S40,394.4,7139,/p/7139/אוהד-קורן
715,גל ניב,ללא מועדון,716,M13,394.3,5225,/p/5225/גל-ניב
716,שי בלזר,בית''ר באר שבע,717,S50,393.0,4309,/p/4309/שי-בלזר
717,איגור דורפמן,הפועל יוקנעם,718,S50,392.2,6952,/p/6952/איגור-דורפמן
718,אילן אלטמן,אליצור קריית אתא,719,M13,391.9,3879,/p/3879/אילן-אלטמן
719,רומן סטסבסקי,מכבי דימונה,720,S60,391.7,3687,/p/3687/רומן-סטסבסקי
720,משה יעקובוביץ,אליצור קריית אתא,721,S70,391.7,1638,/p/1638/משה-יעקובוביץ
721,מתי מרזוק,ללא מועדון,722,S40,391.0,1474,/p/1474/מתי-מרזוק
722,וולדיסלב קרבשב,"מ. טנ""ש ויקטור נתניה",723,S50,390.1,2870,/p/2870/וולדיסלב-קרבשב
723,איליה חריטונוב,ללא מועדון,724,S50,389.9,5974,/p/5974/איליה-חריטונוב
724,מיכאל ניסנבאום,מכבי עירוני שדרות,725,S50,389.8,1747,/p/1747/מיכאל-ניסנבאום
725,יובל רוזנברג,טניס שולחן חיפה,726,C14,388.8,4453,/p/4453/יובל-רוזנברג
726,לאון גולדשטיין,בית''ר חדרה,727,S60,388.7,1317,/p/1317/לאון-גולדשטיין
727,ערן אמיתי,אופק קריית אונו,728,S40,386.1,6831,/p/6831/ערן-אמיתי
728,מאיר יצחק,כרמל מרכזי טניס שולחן חיפה,729,S40,384.7,2171,/p/2171/מאיר-יצחק
729,יעקב עוזיאל,טנ''ש נס ציונה,730,S60,382.6,1800,/p/1800/יעקב-עוזיאל
730,יעקב טורבן,כרמל מרכזי טניס שולחן חיפה,731,S60,381.8,2411,/p/2411/יעקב-טורבן
731,שמואל ויסמן,הפועל ירושלים,732,S60,381.5,270,/p/270/שמואל-ויסמן
732,ליאוניד צ'רניאק,ללא מועדון,733,S60,381.1,5726,/p/5726/ליאוניד-צ-רניאק
733,גרגורי מרקוביץ',מועדון ספורט מעלה אדומים,734,S60,380.1,3407,/p/3407/גרגורי-מרקוביץ
734,יניב קטריבס,בית''ר רמלה,735,S40,379.5,2726,/p/2726/יניב-קטריבס
735,אושרי מתיתיהו,מ. בני הרצליה,736,C15,377.2,7523,/p/7523/אושרי-מתיתיהו
736,רתם יגיל,עירוני גבעתיים,737,C14,376.9,6941,/p/6941/רתם-יגיל
737,בוריס שיפרין,הפועל יוקנעם,738,S70,375.8,5868,/p/5868/בוריס-שיפרין
738,זאב כהן,הפועל לוד,739,S60,375.3,4841,/p/4841/זאב-כהן
739,יורי מירושניק,אופק קריית אונו,740,S50,374.3,4037,/p/4037/יורי-מירושניק
740,איתן קירש,הפועל ירושלים,741,S50,373.8,3755,/p/3755/איתן-קירש
741,רמי אנגלר,הפועל לוד,742,S40,373.6,4688,/p/4688/רמי-אנגלר
742,יעקב בורשטיין,הפועל ירושלים,743,S60,370.8,3392,/p/3392/יעקב-בורשטיין
743,עילי סימון,ללא מועדון,744,J18,369.9,2145,/p/2145/עילי-סימון
744,ויקטור מרקין,בית''ר ראשון לציון,745,S50,369.9,4546,/p/4546/ויקטור-מרקין
745,יגאל לגזיאל,בית''ר אשדוד,746,S50,368.7,456,/p/456/יגאל-לגזיאל
746,לוי אבי,הפועל ירושלים,747,S60,368.6,3568,/p/3568/לוי-אבי
747,אילן שוורץ,מכבי גבירול באר שבע,748,S40,368.3,2717,/p/2717/אילן-שוורץ
748,יובל ירוסלמסקי,בית''ר ראשון לציון,749,E21,367.3,4145,/p/4145/יובל-ירוסלמסקי
749,חנוך פורת,טנ''ש 2007 נתניה,750,S50,366.4,7570,/p/7570/חנוך-פורת
750,יובל לפינר,עירוני גבעתיים,751,S50,365.2,7684,/p/7684/יובל-לפינר
751,נתן פז,מכבי זאב זכרון יעקב,752,S70,364.9,1027,/p/1027/נתן-פז
752,ארנון ברקת,מ. בני הרצליה,753,S50,363.7,6560,/p/6560/ארנון-ברקת
753,אלברט אטלין,הפועל פתח תקווה,754,S50,363.5,1371,/p/1371/אלברט-אטלין
754,סלבה גוט,"מ. טנ""ש ויקטור נתניה",755,S40,361.9,6885,/p/6885/סלבה-גוט
755,לאוניד בונצ'וק,הפועל רמת ישי,756,S50,360.9,1519,/p/1519/לאוניד-בונצ-וק
756,רוני פלד,מכבי גדרה,757,S40,360.7,7360,/p/7360/רוני-פלד
757,עידו פרידמן,עמותת קריית מוצקין,758,C14,360.6,3048,/p/3048/עידו-פרידמן
758,אלכסנדר זולוטובסקי,בית''ר חדרה,759,S60,360.6,1665,/p/1665/אלכסנדר-זולוטובסקי
759,דוד פורמן,הפועל אילת,760,S50,359.7,1343,/p/1343/דוד-פורמן
760,איל סמו,אופק קריית אונו,761,S50,357.9,3831,/p/3831/איל-סמו
761,אלחנן נדלין,מכבי זאב זכרון יעקב,762,S70,357.3,2297,/p/2297/אלחנן-נדלין
762,ליאב כהן,מכבי זאב זכרון יעקב,763,J18,355.9,3947,/p/3947/ליאב-כהן
763,שמעון כהן,מכבי מתנ''ס כפר יונה,764,S50,354.8,2100,/p/2100/שמעון-כהן
764,איתי חיים,הפועל ירושלים,765,J18,354.3,8124,/p/8124/איתי-חיים
765,עמית ראט,טניס שולחן חיפה,766,J17,353.3,7355,/p/7355/עמית-ראט
766,מקסים לישנסקי,מ. בני הרצליה,767,S40,352.2,6558,/p/6558/מקסים-לישנסקי
767,אורן מוסקוביץ,כרמל מרכזי טניס שולחן חיפה,768,C15,351.5,3020,/p/3020/אורן-מוסקוביץ
768,פטר וקסלר,מכבי רמת יצחק רמת גן,769,S,351.4,7531,/p/7531/פטר-וקסלר
769,אליה שאלתיאל,בית''ר באר שבע,770,J17,351.0,7034,/p/7034/אליה-שאלתיאל
770,בוגדן שינקרנקו,הפועל טנ''ש באר שבע,771,S50,350.0,3132,/p/3132/בוגדן-שינקרנקו
771,דמיטרי קזצ'קוב,הפועל יוקנעם,772,S,349.7,8278,/p/8278/דמיטרי-קזצ-קוב
772,אולג פלוטקין,"מ. טנ""ש ויקטור נתניה",773,S40,348.7,2351,/p/2351/אולג-פלוטקין
773,יהונתן גנדל,ללא מועדון,774,J16,347.6,2621,/p/2621/יהונתן-גנדל
774,יונתן ימיני,מכבי תל אביב,775,S50,347.5,8082,/p/8082/יונתן-ימיני
775,יונתן ווליד,מכבי מתנ''ס כפר יונה,776,S,347.4,7680,/p/7680/יונתן-ווליד
776,רון ברגר,מכבי זאב זכרון יעקב,777,S50,347.3,2428,/p/2428/רון-ברגר
777,יונתן בר-זיו,מכבי רחובות,778,C15,346.7,6972,/p/6972/יונתן-בר-זיו
778,רועי לשם,בית''ר ראשון לציון,779,S40,346.2,5209,/p/5209/רועי-לשם
779,איל רייפלר,מכבי רחובות,780,C15,345.6,2924,/p/2924/איל-רייפלר
780,אריאל אליהו,מכבי שהם,781,C14,343.9,7308,/p/7308/אריאל-אליהו
781,אייל בינשטוק,מכבי גדרה,782,S40,343.3,4390,/p/4390/אייל-בינשטוק
782,ולדימיר ברודנר,בית''ר ראשון לציון,783,S60,342.2,2314,/p/2314/ולדימיר-ברודנר
783,דוד נוימן,הפועל טנ''ש באר שבע,784,S60,340.9,2482,/p/2482/דוד-נוימן
784,אלכסנדר וולדרסקי,בית''ר חדרה,785,S,340.6,2430,/p/2430/אלכסנדר-וולדרסקי
785,רמי שלומוב,מ.ק.מתנ''ס קריית גת,786,S50,339.8,2132,/p/2132/רמי-שלומוב
786,אלכסנדר לקרב,הפועל ירושלים,787,S70,338.9,3410,/p/3410/אלכסנדר-לקרב
787,איתי פורת,מ. בני הרצליה,788,S40,338.3,4548,/p/4548/איתי-פורת
788,משה כהן,הפועל ירושלים,789,S50,337.1,3487,/p/3487/משה-כהן
789,יובל פיין,הפועל גליל תחתון,790,S,336.5,4477,/p/4477/יובל-פיין
790,אוסקר קוגוסוב,בית''ר אשדוד,791,S70,336.5,2855,/p/2855/אוסקר-קוגוסוב
791,אנטולי פירוצקי,הפועל חולון,792,S50,335.9,7081,/p/7081/אנטולי-פירוצקי
792,נמרוד הורן,הפועל רמת ישי,793,M12,335.9,4683,/p/4683/נמרוד-הורן
793,ישראל גור-אריה,הפועל רמת ישי,794,S50,335.8,2060,/p/2060/ישראל-גור-אריה
794,זוהר בן ישי,כרמל מרכזי טניס שולחן חיפה,795,C15,334.6,7130,/p/7130/זוהר-בן-ישי
795,ולדימיר ליטבק,הפועל אילת,796,S50,334.5,2390,/p/2390/ולדימיר-ליטבק
796,מנחם מוטעי,הפועל עירוני צפת,797,S50,334.3,1531,/p/1531/מנחם-מוטעי
797,שלומי לכמן,מכבי תל אביב,798,J17,333.3,4791,/p/4791/שלומי-לכמן
798,אורי מלרון,אופק קריית אונו,799,J16,333.0,4624,/p/4624/אורי-מלרון
799,רומאו מיכאלה,כרמל מרכזי טניס שולחן חיפה,800,S50,331.2,2698,/p/2698/רומאו-מיכאלה
800,דניאל ביקרט,עירוני גבעתיים,801,S,329.3,2249,/p/2249/דניאל-ביקרט
801,אדמונד סגל,הפועל תל אביב,802,S60,329.0,1241,/p/1241/אדמונד-סגל
802,פיליפ יקר,הפועל ירושלים,803,S70,328.3,3462,/p/3462/פיליפ-יקר
803,שנון בן-שמעון,הפועל לוד,804,S40,327.0,2996,/p/2996/שנון-בן-שמעון
804,ויאצ'יסלב וינארסקי,הפועל אשקלון,805,S70,326.9,7335,/p/7335/ויאצ-יסלב-וינארסקי
805,דניאל ברזילי,ללא מועדון,806,S40,325.7,1765,/p/1765/דניאל-ברזילי
806,אלכס גרין,בית''ר חדרה,807,S40,324.4,1898,/p/1898/אלכס-גרין
807,אלכסנדר וולוך,מכבי זאב זכרון יעקב,808,S,324.3,1514,/p/1514/אלכסנדר-וולוך
808,אנדריי אלעזרי,טנ''ש 2007 נתניה,809,S40,324.2,2851,/p/2851/אנדריי-אלעזרי
809,אופק אורי,עירוני גבעתיים,810,C14,320.2,4811,/p/4811/אופק-אורי
810,יניב כהן,הפועל ירושלים,811,S50,318.9,3537,/p/3537/יניב-כהן
811,ירון דרורי,הפועל חולון,812,S,318.8,7966,/p/7966/ירון-דרורי
812,אלכסנדר שליפר,עמותת קריית מוצקין,813,S70,318.6,1242,/p/1242/אלכסנדר-שליפר
813,רוני ברקוביץ',הפועל ירושלים,814,S40,316.8,3381,/p/3381/רוני-ברקוביץ
814,דוד אפללו,טניס שולחן חיפה,815,S40,316.7,7639,/p/7639/דוד-אפללו
815,סרגיי גבריאלוב,מכבי גבירול באר שבע,816,S40,315.8,4247,/p/4247/סרגיי-גבריאלוב
816,אבי ויציסלאבסקי,הפועל ארנון רמת גן,817,S70,315.3,1676,/p/1676/אבי-ויציסלאבסקי
817,פנחס רובינשטיין,מכבי ראשל''צ טנ''ש,818,S50,310.1,7181,/p/7181/פנחס-רובינשטיין
818,דניאל זברסקי,מכבי שהם,819,M13,309.6,6679,/p/6679/דניאל-זברסקי
819,רני מעוז,מכבי אבן יהודה,820,C15,308.6,5813,/p/5813/רני-מעוז
820,איליה לוייב,בית''ר באר שבע,821,S40,307.7,4408,/p/4408/איליה-לוייב
821,ודים גסיס,בית''ר חדרה,822,S50,307.5,1319,/p/1319/ודים-גסיס
822,יהודה נניקאשוילי,הפועל אשדוד,823,S50,306.0,4263,/p/4263/יהודה-נניקאשוילי
823,ליאון אינגורן,הפועל לוד,824,S70,305.5,1977,/p/1977/ליאון-אינגורן
824,ערן אורן,מכבי זאב זכרון יעקב,825,S60,305.0,1720,/p/1720/ערן-אורן
825,מאיר אהרון נוימן,הפועל עירוני נוף הגליל,826,S60,304.1,3640,/p/3640/מאיר-אהרון-נוימן
826,רוי בן-עמי,קאנטרי ג' תל אביב,827,E20,303.5,2919,/p/2919/רוי-בן-עמי
827,יניב גוטמן,"מ. טנ""ש ויקטור נתניה",828,S70,302.9,2820,/p/2820/יניב-גוטמן
828,אלכס שקירסקי,מ. בני הרצליה,829,S,302.0,2781,/p/2781/אלכס-שקירסקי
829,ברק שפיר,מ. בני הרצליה,830,S,301.2,7444,/p/7444/ברק-שפיר
830,אנדריי אמצ׳יסלבסקי,עירוני מעלות תרשיחא,831,E21,301.0,7392,/p/7392/אנדריי-אמצ׳יסלבסקי
831,רן דביר,הפועל ירושלים,832,S50,299.8,5747,/p/5747/רן-דביר
832,ירדן שחם,אופק קריית אונו,833,S,297.5,4747,/p/4747/ירדן-שחם
833,אורן שחר,הפועל טנ''ש באר שבע,834,S50,296.4,2436,/p/2436/אורן-שחר
834,מיכה אנהולט,הפועל תל אביב,835,S40,295.5,4714,/p/4714/מיכה-אנהולט
835,ניסים ברוך,בית''ר ראשון לציון,836,S70,295.3,3900,/p/3900/ניסים-ברוך
836,דימטרי  נאומוב,הפועל ירושלים,837,S40,295.3,3456,/p/3456/דימטרי--נאומוב
837,אלכסנדר שטיינברג,מכבי עירוני שדרות,838,S50,291.7,4722,/p/4722/אלכסנדר-שטיינברג
838,יעקב כץ,בית''ר חדרה,839,S70,291.5,1899,/p/1899/יעקב-כץ
839,לירון סנואני,הפועל ירושלים,840,S40,290.8,3393,/p/3393/לירון-סנואני
840,אלכסנדר בורשטיין,הפועל ירושלים,841,S50,290.6,4822,/p/4822/אלכסנדר-בורשטיין
841,יואב בן דוד,הפועל ירושלים,842,S60,290.2,3414,/p/3414/יואב-בן-דוד
842,קובלב יונתן,הפועל ירושלים,843,S60,289.9,3460,/p/3460/קובלב-יונתן
843,קובי שרון,בית''ר ראשון לציון,844,S40,288.9,4355,/p/4355/קובי-שרון
844,ולדימיר גנטוש,הפועל טנ''ש באר שבע,845,S70,288.8,2364,/p/2364/ולדימיר-גנטוש
845,ויקטור רושבה,הפועל בת ים,846,S60,288.6,1419,/p/1419/ויקטור-רושבה
846,אחיה ברזילי,הפועל ירושלים,847,J17,288.5,5678,/p/5678/אחיה-ברזילי
847,דניאל בר זיו,מכבי רחובות,848,M12,288.3,7207,/p/7207/דניאל-בר-זיו
848,קובי קוגן,טניס שולחן חיפה,849,S50,286.8,2251,/p/2251/קובי-קוגן
849,שמעון דניאל,הפועל ירושלים,850,S60,286.8,3401,/p/3401/שמעון-דניאל
850,יבגני ליבסטר,הפועל עירוני נוף הגליל,851,S60,285.0,1516,/p/1516/יבגני-ליבסטר
851,אורי פנירי,בית''ר רמלה,852,S50,284.9,6946,/p/6946/אורי-פנירי
852,רע קרול שחר,מכבי זאב זכרון יעקב,853,B10,284.2,7172,/p/7172/רע-קרול-שחר
853,בן ציון ריידיבוים,הפועל בת ים,854,S70,283.0,1414,/p/1414/בן-ציון-ריידיבוים
854,רומן ירוביצקי,הפועל חיפה,855,S60,282.5,1574,/p/1574/רומן-ירוביצקי
855,טל סיטון,אופק קריית אונו,856,S,282.2,6846,/p/6846/טל-סיטון
856,סנדר נאוסטדט,אופק קריית אונו,857,S40,282.0,7472,/p/7472/סנדר-נאוסטדט
857,ירון בן יצחק,הפועל ירושלים,858,S50,280.6,3430,/p/3430/ירון-בן-יצחק
858,אלכסנדר קניס,עמותת קריית מוצקין,859,S40,280.3,2312,/p/2312/אלכסנדר-קניס
859,אלון מרקו,ללא מועדון,860,M13,279.6,5604,/p/5604/אלון-מרקו
860,יהודה לוי,הפועל ירושלים,861,S50,279.3,3433,/p/3433/יהודה-לוי
861,עוזי שמעיה,הפועל ירושלים,862,S40,279.2,3466,/p/3466/עוזי-שמעיה
862,רועי לבנון,הפועל רמת ישי,863,C14,279.0,5898,/p/5898/רועי-לבנון
863,גרגורי פוליאנסקי,הפועל טנ''ש באר שבע,864,S60,277.1,2053,/p/2053/גרגורי-פוליאנסקי
864,ליאוניד לנגר,הישגי כרמיאל,865,S60,277.0,4800,/p/4800/ליאוניד-לנגר
865,אלכסנדר אבל,מכבי עירוני שדרות,866,S60,276.5,1740,/p/1740/אלכסנדר-אבל
866,יצחק אהרוני,הפועל ירושלים,867,S60,275.5,3526,/p/3526/יצחק-אהרוני
867,ירוסלב מלכוב,הפועל בת ים,868,S40,274.7,5780,/p/5780/ירוסלב-מלכוב
868,דניאל לוי,הפועל חולון,869,S50,274.6,7964,/p/7964/דניאל-לוי
869,יואב רוזנטל,מכבי רחובות,870,S40,274.5,7208,/p/7208/יואב-רוזנטל
870,יובל קיסר,הפועל ירושלים,871,S50,272.0,3712,/p/3712/יובל-קיסר
871,אנטולי רזומוביץ,הפועל בת ים,872,S40,271.5,5948,/p/5948/אנטולי-רזומוביץ
872,רז כהן,הפועל ירושלים,873,S,271.0,4092,/p/4092/רז-כהן
873,גיל שטיין,מכבי גדרה,874,S50,270.7,8530,/p/8530/גיל-שטיין
874,דביר כהן,הפועל ירושלים,875,S,270.4,7232,/p/7232/דביר-כהן
875,ניר שקד,"מ. טנ""ש ויקטור נתניה",876,S50,269.9,3911,/p/3911/ניר-שקד
876,קורן דוידוביץ,הפועל רמת ישי,877,M13,269.8,4278,/p/4278/קורן-דוידוביץ
877,יוני שמסיאן,הפועל ירושלים,878,S40,269.4,6316,/p/6316/יוני-שמסיאן
878,ליאור נחום,הפועל ירושלים,879,S40,269.1,3413,/p/3413/ליאור-נחום
879,דוד גיטלין,הפועל ירושלים,880,S40,269.0,3890,/p/3890/דוד-גיטלין
880,אולג גולינקר,"מ. טנ""ש ויקטור נתניה",881,S40,267.5,1690,/p/1690/אולג-גולינקר
881,שליו עומסי,מכבי רחובות,882,C15,267.4,7142,/p/7142/שליו-עומסי
882,אהוד ישראלי,הפועל ירושלים,883,S50,265.8,3380,/p/3380/אהוד-ישראלי
883,רוביו אפרתי,ללא מועדון,884,S,265.7,1930,/p/1930/רוביו-אפרתי
884,אברהם שמאי,אליצור קריית אתא,885,S60,265.3,1232,/p/1232/אברהם-שמאי
885,יבגני בלכר,הישגי כרמיאל,886,S40,265.2,1600,/p/1600/יבגני-בלכר
886,עומר בניה,מכבי גדרה,887,M13,264.0,7204,/p/7204/עומר-בניה
887,יריב דודיין,הפועל ירושלים,888,S40,264.0,3415,/p/3415/יריב-דודיין
888,גדעון מזרחי,הפועל ירושלים,889,S70,263.8,3387,/p/3387/גדעון-מזרחי
889,שמעון אלפסי,הפועל אשדוד,890,S50,263.4,4264,/p/4264/שמעון-אלפסי
890,יואב אזרד,הפועל גליל תחתון,891,J16,263.4,3163,/p/3163/יואב-אזרד
891,מרדכי הרש,מועדון טניס שולחן עפולה,892,S60,263.3,7476,/p/7476/מרדכי-הרש
892,בני ברוכים,הפועל ירושלים,893,S50,262.2,3918,/p/3918/בני-ברוכים
893,גורדון דודי,הפועל ירושלים,894,S40,261.1,3527,/p/3527/גורדון-דודי
894,דרור הלוי,הפועל ירושלים,895,S50,261.0,3478,/p/3478/דרור-הלוי
895,יעקב מזרחי,הפועל ירושלים,896,S50,260.8,3465,/p/3465/יעקב-מזרחי
896,רני בורוק,עירוני גבעתיים,897,B11,259.9,6949,/p/6949/רני-בורוק
897,אדוארד מיסיחייב,מכבי דימונה,898,S,259.8,4511,/p/4511/אדוארד-מיסיחייב
898,אורי אפט,מכבי גדרה,899,S,259.2,2004,/p/2004/אורי-אפט
899,ליאור רובין,מכבי תל אביב,900,S,258.0,2181,/p/2181/ליאור-רובין
900,דביר תורג’מן,מכבי זאב זכרון יעקב,901,C15,255.9,7698,/p/7698/דביר-תורג’מן
901,דור בן שלום הירש,בית''ר ראשון לציון,902,M12,255.7,7309,/p/7309/דור-בן-שלום-הירש
902,גיל סתתי,הפועל עירוני נוף הגליל,903,S60,255.6,2148,/p/2148/גיל-סתתי
903,אלכסנדר פרנקל,הישגי כרמיאל,904,S50,255.3,2340,/p/2340/אלכסנדר-פרנקל
904,תמיר גפן,ללא מועדון,905,C15,254.3,6182,/p/6182/תמיר-גפן
905,מג'ד פדעוס,הפועל מתנ''ס בקה אל גרבייה,906,S,254.2,1504,/p/1504/מג-ד-פדעוס
906,בוריס סגל,"מ. טנ""ש ויקטור נתניה",907,S50,254.0,2490,/p/2490/בוריס-סגל
907,אדם שורץ,מכבי זאב זכרון יעקב,908,S60,253.8,6478,/p/6478/אדם-שורץ
908,אלברטו אולצ'ובסקי,מכבי זאב זכרון יעקב,909,S60,253.8,1724,/p/1724/אלברטו-אולצ-ובסקי
909,בן ציון בן אור,הפועל ירושלים,910,S60,253.4,3432,/p/3432/בן-ציון-בן-אור
910,אלדד ברגר,ללא מועדון,911,E20,253.1,2690,/p/2690/אלדד-ברגר
911,גבריאל מולוקנדוב,ללא מועדון,912,J16,252.9,4808,/p/4808/גבריאל-מולוקנדוב
912,מיכאל בלנקי,בית''ר באר שבע,913,S60,252.7,2222,/p/2222/מיכאל-בלנקי
913,רפי חסון,הפועל ירושלים,914,S60,252.5,3535,/p/3535/רפי-חסון
914,שאול פרל,הפועל ירושלים,915,S60,252.4,3491,/p/3491/שאול-פרל
915,אלכסיי רוייטמן,הפועל טנ''ש באר שבע,916,S40,252.2,3133,/p/3133/אלכסיי-רוייטמן
916,עדי גרוס,מכבי גדרה,917,S40,250.6,2368,/p/2368/עדי-גרוס
917,אדוארד שימונוב,מכבי דימונה,918,S40,250.6,4515,/p/4515/אדוארד-שימונוב
918,יגאל אהרוני,הפועל אילת,919,S50,250.2,6052,/p/6052/יגאל-אהרוני
919,חיים דיין,הפועל ירושלים,920,S70,249.8,3409,/p/3409/חיים-דיין
920,רותם קימחי,הפועל ירושלים,921,S,249.7,4554,/p/4554/רותם-קימחי
921,יובל נוימן,עירוני גבעתיים,922,B11,248.5,6931,/p/6931/יובל-נוימן
922,גיא שניאור,הפועל ירושלים,923,S40,247.9,3457,/p/3457/גיא-שניאור
923,נחום דוד,הפועל ירושלים,924,S40,247.8,3609,/p/3609/נחום-דוד
924,אלכסנדר טוצ'ילקין,הפועל ירושלים,925,S40,247.5,4593,/p/4593/אלכסנדר-טוצ-ילקין
925,אריק רובן,הפועל בת ים,926,M12,246.0,6254,/p/6254/אריק-רובן
926,רואי איציק,בית''ר ראשון לציון,927,C14,244.4,7029,/p/7029/רואי-איציק
927,דיאני נועם,הפועל ירושלים,928,S50,243.4,3480,/p/3480/דיאני-נועם
928,סמואל יוחנן,מועדון ספורט מעלה אדומים,929,S40,242.9,3520,/p/3520/סמואל-יוחנן
929,לואי אלקתנאני,בית''ר באר שבע,930,S,242.7,3159,/p/3159/לואי-אלקתנאני
930,איתי דינקביץ,מ. בני הרצליה,931,C14,242.5,7173,/p/7173/איתי-דינקביץ
931,דני סלוצקי,מכבי רחובות,932,S40,241.8,6819,/p/6819/דני-סלוצקי
932,עילאי סרף,טנ''ש 2007 נתניה,933,C14,241.8,7546,/p/7546/עילאי-סרף
933,ירון ארגז,הפועל ירושלים,934,S50,241.6,3521,/p/3521/ירון-ארגז
934,תמיר חזות,ללא מועדון,935,J16,241.0,5500,/p/5500/תמיר-חזות
935,אורי שטרנברג,הפועל ירושלים,936,S70,240.9,3412,/p/3412/אורי-שטרנברג
936,מארק וולבובסקי,מועדון טניס שולחן עפולה,937,S50,240.6,7495,/p/7495/מארק-וולבובסקי
937,טאו מורנו,הפועל מבואות חרמון,938,M13,240.4,6840,/p/6840/טאו-מורנו
938,יצחק עמרם,הפועל ירושלים,939,S60,239.4,3446,/p/3446/יצחק-עמרם
939,מיכאל חסקלסקי,"מ. טנ""ש ויקטור נתניה",940,S40,239.3,3197,/p/3197/מיכאל-חסקלסקי
940,סטניסלב צרקסקי,כרמל מרכזי טניס שולחן חיפה,941,S40,237.6,2410,/p/2410/סטניסלב-צרקסקי
941,תומר כהן,אופק קריית אונו,942,S50,236.9,6825,/p/6825/תומר-כהן
942,רום רחמים,הפועל באר טוביה,943,M13,236.8,7215,/p/7215/רום-רחמים
943,יוסי מזרחי,הפועל ירושלים,944,S40,236.8,3923,/p/3923/יוסי-מזרחי
944,אורן אילוז,הפועל ירושלים,945,S,236.0,1768,/p/1768/אורן-אילוז
945,יואב מליח,הפועל ירושלים,946,S60,235.9,3428,/p/3428/יואב-מליח
946,כוכבה ישי,הפועל ירושלים,947,S60,235.3,3613,/p/3613/כוכבה-ישי
947,משה זוהר,מועדון ספורט מעלה אדומים,948,S50,235.2,3573,/p/3573/משה-זוהר
948,אבירם רייכר,מכבי תל אביב,949,S,234.4,6879,/p/6879/אבירם-רייכר
949,מוטי דודי,הפועל ירושלים,950,S50,234.0,3589,/p/3589/מוטי-דודי
950,אליאור פולישצ'וק,הפועל בת ים,951,J17,233.7,7420,/p/7420/אליאור-פולישצ-וק
951,ארקדי ברבר,ללא מועדון,952,S70,233.5,1377,/p/1377/ארקדי-ברבר
952,ודים ריבק,כרמל מרכזי טניס שולחן חיפה,953,S50,230.9,2256,/p/2256/ודים-ריבק
953,אולג בוצ'קובסקי,הפועל אשקלון,954,S,230.0,6980,/p/6980/אולג-בוצ-קובסקי
954,רנאט גרמנוביץ,כרמל מרכזי טניס שולחן חיפה,955,C15,229.9,6491,/p/6491/רנאט-גרמנוביץ
955,מוטי דרובלס,הפועל ירושלים,956,S60,229.5,3857,/p/3857/מוטי-דרובלס
956,אביה חיון,מועדון ספורט מעלה אדומים,957,S,227.7,3570,/p/3570/אביה-חיון
957,לב זבורובסקי,מכבי ראשל''צ טנ''ש,958,S50,227.4,4164,/p/4164/לב-זבורובסקי
958,אריה הלפרין,הישגי כרמיאל,959,S40,227.2,2337,/p/2337/אריה-הלפרין
959,איילון עמי,הפועל ירושלים,960,S40,227.0,3554,/p/3554/איילון-עמי
960,איתן בן-עמי,הפועל ירושלים,961,S50,226.8,3539,/p/3539/איתן-בן-עמי
961,רון אבני,ללא מועדון,962,J16,225.8,4341,/p/4341/רון-אבני
962,משה אטיאס,הפועל ירושלים,963,S50,225.5,3489,/p/3489/משה-אטיאס
963,מקסים שלמן,"מ. טנ""ש ויקטור נתניה",964,J16,225.3,2689,/p/2689/מקסים-שלמן
964,אורי אליזם,ללא מועדון,965,C14,224.3,7545,/p/7545/אורי-אליזם
965,גרגורי טלמן,הפועל חיפה,966,S60,224.2,1562,/p/1562/גרגורי-טלמן
966,סער בן צבי,טנ''ש 2007 נתניה,967,S40,223.5,4600,/p/4600/סער-בן-צבי
967,ליאור וילנר,מ. בני הרצליה,968,J16,223.1,7249,/p/7249/ליאור-וילנר
968,עמרי אוסטריונג,הפועל טנ''ש באר שבע,969,S,222.9,3790,/p/3790/עמרי-אוסטריונג
969,דוד ניר,הפועל ירושלים,970,S40,222.4,3604,/p/3604/דוד-ניר
970,מנדל ניימן,הפועל טנ''ש באר שבע,971,S70,220.0,2363,/p/2363/מנדל-ניימן
971,דוד אולשבסקי,הפועל ירושלים,972,S70,219.8,4536,/p/4536/דוד-אולשבסקי
972,אדוארד פישקו,הפועל תל אביב,973,S50,218.8,4012,/p/4012/אדוארד-פישקו
973,נוריאל ליאור,מועדון ספורט מעלה אדומים,974,S40,218.4,3571,/p/3571/נוריאל-ליאור
974,פליקס פלייש,בית''ר ראשון לציון,975,S60,218.0,3116,/p/3116/פליקס-פלייש
975,רונאל חרמץ,הפועל ירושלים,976,S50,217.5,3627,/p/3627/רונאל-חרמץ
976,אורן שם טוב,הפועל ירושלים,977,S40,217.4,3490,/p/3490/אורן-שם-טוב
977,שי מיכאלי,ללא מועדון,978,E19,217.0,2843,/p/2843/שי-מיכאלי
978,אייל קנה,הפועל ירושלים,979,S60,216.8,3411,/p/3411/אייל-קנה
979,אלחנן ארז,הפועל ירושלים,980,S40,216.2,3482,/p/3482/אלחנן-ארז
980,ניסים ביבי,הפועל ירושלים,981,S60,215.8,3538,/p/3538/ניסים-ביבי
981,זיו גלזר,מכבי מתנ''ס כפר יונה,982,S,215.5,2869,/p/2869/זיו-גלזר
982,יאיר הירס,הפועל ירושלים,983,S40,215.4,3434,/p/3434/יאיר-הירס
983,יהודה חמו,הפועל ירושלים,984,S70,214.4,3400,/p/3400/יהודה-חמו
984,עבדאלכרים קורד,הפועל ירושלים,985,S50,214.2,3860,/p/3860/עבדאלכרים-קורד
985,חנניה היזמי,הפועל ירושלים,986,S60,214.0,4602,/p/4602/חנניה-היזמי
986,ולרי טוצ'ילקין,הפועל ירושלים,987,S40,213.0,4594,/p/4594/ולרי-טוצ-ילקין
987,דן היימן,מ. בני הרצליה,988,S60,212.4,8074,/p/8074/דן-היימן
988,אדאורד רוזנטל,הפועל ירושלים,989,S50,212.0,3408,/p/3408/אדאורד-רוזנטל
989,דימטרי מוסטובוי,מועדון ספורט מעלה אדומים,990,S50,211.5,307,/p/307/דימטרי-מוסטובוי
990,אור מצר,ללא מועדון,991,J17,211.2,4561,/p/4561/אור-מצר
991,אילן בכר,הפועל ירושלים,992,S50,210.9,3567,/p/3567/אילן-בכר
992,דניס מולוקנוב,ללא מועדון,993,S40,210.8,6485,/p/6485/דניס-מולוקנוב
993,סאפר ישועה,הפועל ירושלים,994,S60,210.7,3448,/p/3448/סאפר-ישועה
994,סלבה קושניר,הפועל ירושלים,995,S50,210.5,4121,/p/4121/סלבה-קושניר
995,איציק סנדרוסי,הפועל ירושלים,996,S50,210.4,3618,/p/3618/איציק-סנדרוסי
996,מיכאל אזורב,מועדון ספורט מעלה אדומים,997,S60,210.0,3545,/p/3545/מיכאל-אזורב
997,איתי רייך,מ. בני הרצליה,998,M13,208.9,7644,/p/7644/איתי-רייך
998,דניאל ירמיהו,הפועל ירושלים,999,S70,208.8,3464,/p/3464/דניאל-ירמיהו
999,שרון אהוד,מועדון ספורט מעלה אדומים,1000,S50,208.8,3436,/p/3436/שרון-אהוד
